Data Source,World Development Indicators,,,,,,,,,,,,,,,,,,,,,,,,,,,,,,,,,,,,,,,,,,,,,,,,,,,,,,,,,,,,,,,,,,,,
,,,,,,,,,,,,,,,,,,,,,,,,,,,,,,,,,,,,,,,,,,,,,,,,,,,,,,,,,,,,,,,,,,,,,
Last Updated Date,4/8/2026,,,,,,,,,,,,,,,,,,,,,,,,,,,,,,,,,,,,,,,,,,,,,,,,,,,,,,,,,,,,,,,,,,,,
,,,,,,,,,,,,,,,,,,,,,,,,,,,,,,,,,,,,,,,,,,,,,,,,,,,,,,,,,,,,,,,,,,,,,
Country Name,Country Code,Indicator Name,Indicator Code,1960,1961,1962,1963,1964,1965,1966,1967,1968,1969,1970,1971,1972,1973,1974,1975,1976,1977,1978,1979,1980,1981,1982,1983,1984,1985,1986,1987,1988,1989,1990,1991,1992,1993,1994,1995,1996,1997,1998,1999,2000,2001,2002,2003,2004,2005,2006,2007,2008,2009,2010,2011,2012,2013,2014,2015,2016,2017,2018,2019,2020,2021,2022,2023,2024,2025
Aruba,ABW,Real interest rate (%),FR.INR.RINR,,,,,,,,,,,,,,,,,,,,,,,,,,,,6.475434273,6.918180059,6.264234019,4.566640856,4.791125207,6.528137588,5.032925105,4.056926124,6.988250527,6.890905449,6.311952519,4.173555703,10.71689941,10.91745008,15.88594888,6.573785003,7.424575075,6.604509536,5.646372976,5.813105098,4.976002317,5.982547943,8.84604657,11.66613076,4.801974338,8.200875007,10.70970877,6.373474056,4.426357526,7.467580403,6.143279999,3.268733797,4.743049728,10.05956306,4.7222008,1.736462245,-1.222153892,,
Africa Eastern and Southern,AFE,Real interest rate (%),FR.INR.RINR,,,,,,,,,,,,,,,,,,,,,,,,,,,,,,,,,,,,,,,,,,,,,,,,,,,,,,,,,,,,,,,,,,
Afghanistan,AFG,Real interest rate (%),FR.INR.RINR,,,,,,,,,,,,,,,,,,,,,,,,,,,,,,,,,,,,,,,,,,,,,,,10.0468971,-3.58511111,12.55796014,17.54292893,11.36409374,-1.24150601,7.174387248,9.784495939,14.35168934,12.25254816,17.58393816,12.1411783,,,,,,,,
Africa Western and Central,AFW,Real interest rate (%),FR.INR.RINR,,,,,,,,,,,,,,,,,,,,,,,,,,,,,,,,,,,,,,,,,,,,,,,,,,,,,,,,,,,,,,,,,,
Angola,AGO,Real interest rate (%),FR.INR.RINR,,,,,,,,,,,,,,,,,,,,,,,,,,,,,,,,,,,,-84.09500018,-93.51345888,-29.52270655,4.047558877,-72.57850016,-60.78132704,-5.032933217,-41.32946909,0.774759816,36.70039746,19.68201666,2.308273896,11.90813343,-5.772358566,34.93969387,-4.761941244,-8.398047555,8.910400009,12.1812486,11.81815371,20.44380216,-4.212861222,-6.391178097,-3.608117395,-0.475965539,3.095126182,-11.97942893,1.689307337,-0.855065283,-4.177558199,
Albania,ALB,Real interest rate (%),FR.INR.RINR,,,,,,,,,,,,,,,,,,,,,,,,,,,3.501953158,1.000309155,1.000584368,0.996284185,1.437570041,-25.46909106,-63.78712048,-42.57351396,-8.963182188,-10.38599813,6.006720994,17.69520584,,18.319705,15.27850425,15.31159506,10.97195321,8.894190774,8.405960014,9.628600157,9.987045502,8.511737344,9.199158239,9.837731897,8.35023474,10.5583645,10.62950543,9.440755873,6.436178341,7.051515885,7.664675008,3.40221802,4.415049426,5.222938044,6.077272703,2.491593054,-3.05379036,0.584258766,3.996116578,
Andorra,AND,Real interest rate (%),FR.INR.RINR,,,,,,,,,,,,,,,,,,,,,,,,,,,,,,,,,,,,,,,,,,,,,,,,,,,,,,,,,,,,,,,,,,
Arab World,ARB,Real interest rate (%),FR.INR.RINR,,,,,,,,,,,,,,,,,,,,,,,,,,,,,,,,,,,,,,,,,,,,,,,,,,,,,,,,,,,,,,,,,,
United Arab Emirates,ARE,Real interest rate (%),FR.INR.RINR,,,,,,,,,,,,,,,,,,,,,,,,,,,,,,,,,,,,,,,,,,,,,,,,,,,,,,,,,,,,,,,,,,
Argentina,ARG,Real interest rate (%),FR.INR.RINR,,,,,,,,,,,,,,,,,,,,,,,,,,,,,,,,,,,,,,,,,,,,,,,,,,,-8.56602872,-7.773405236,-6.748195554,-5.485839182,-11.60069877,-1.314708785,-7.006039843,0.455892832,4.564409099,12.10396965,-7.635174216,-11.86183796,-9.819684198,-17.254281,-47.43045803,
Armenia,ARM,Real interest rate (%),FR.INR.RINR,,,,,,,,,,,,,,,,,,,,,,,,,,,,,,,,,,,,-24.91305774,39.10516828,30.9943494,34.13461159,38.77366744,33.39846306,21.78215208,18.34706928,15.51698759,11.624816,14.31614594,11.38149246,12.69474446,10.43491465,15.87088144,10.60763579,12.91975789,11.28119329,12.21684304,13.78124866,16.18000967,17.04235951,11.99733996,9.733977399,10.95957856,9.63911034,4.547588161,3.457429322,9.005759346,11.58590805,
American Samoa,ASM,Real interest rate (%),FR.INR.RINR,,,,,,,,,,,,,,,,,,,,,,,,,,,,,,,,,,,,,,,,,,,,,,,,,,,,,,,,,,,,,,,,,,
Antigua and Barbuda,ATG,Real interest rate (%),FR.INR.RINR,,,,,,,,,,,,,,,,,,,,,,,-0.529101932,5.887383257,6.985376418,2.975543511,3.297520861,1.202710168,-2.969100231,5.251096605,8.366859964,9.255442569,9.490840941,10.12556054,9.227406085,9.362347138,8.556727231,9.219097748,9.266021954,9.86245685,10.47519037,9.367282514,9.986192987,13.36537575,9.395085356,6.415300042,9.664895797,5.815132719,5.433293819,8.857448583,9.243351409,9.670144106,7.417177191,12.52647734,8.149935341,6.841593913,10.09809534,8.965090844,7.425079217,7.843124716,6.848651451,2.357048006,0.500681464,1.718196203,0.324776917,
Australia,AUS,Real interest rate (%),FR.INR.RINR,,2.208046726,5.578597744,3.275697729,1.735485931,2.261682492,2.617715483,0.489998279,3.255126758,1.074233138,1.686601633,1.962740088,0.780577133,-1.500702282,-6.013190564,-5.340136725,-3.600439941,-1.38480003,1.050423123,0.451337362,-0.03382017,2.106982458,1.419818942,2.049612482,3.37246677,7.388493412,7.933163008,7.5217171,6.444773387,6.618722647,9.661779434,10.08647078,8.97107854,8.476168023,7.981373648,8.022362635,6.831338889,5.823238139,5.482264929,6.05604022,5.034112526,2.102994614,3.424916291,3.519682781,3.699491327,3.306806273,2.379218433,3.058760125,4.151020381,0.980313225,6.043560055,1.448787572,5.086298436,6.31873408,4.469633357,6.241568028,6.135568823,1.543004859,3.352759946,1.569823207,,,,,,
Austria,AUT,Real interest rate (%),FR.INR.RINR,,,,,,,,,,,,,,,,,,,,,,,,,,,,,,,,,,,,,,,,,,,,,,,,,,,,,,,,,,,,,,,,,,
Azerbaijan,AZE,Real interest rate (%),FR.INR.RINR,,,,,,,,,,,,,,,,,,,,,,,,,,,,,,,,,,,,,,,21.01798495,16.95460899,6.367573025,16.76907905,12.62440588,7.942300437,5.920291581,2.009036409,5.869211034,-1.203864456,-6.414370285,48.00003017,6.037490194,-4.50907142,15.07205334,17.72360852,19.44638079,28.88877199,1.523958008,0.272137813,4.69218428,17.54174974,26.67041805,-4.246173343,-16.52277226,25.68170873,16.30888833,
Burundi,BDI,Real interest rate (%),FR.INR.RINR,,,,,,,,,,,,,,,,,,,-0.451262624,-11.20322551,-3.766860947,19.22924479,5.98831967,5.234921701,-4.450063397,6.596780822,16.98033755,15.96339107,8.221738111,-2.402625005,5.997142468,8.348477598,7.833429517,5.591120353,7.090833434,-0.727268465,,,3.543673658,0.245048218,-16.67919754,2.732903688,18.25203631,5.614402302,4.514521187,-0.3337127,13.83318731,7.907334312,-6.15276534,3.595614667,3.177830675,4.484649352,0.254833708,6.39183239,9.844105217,8.80978224,7.429321336,1.345924444,16.58250549,14.19816755,-3.154469537,2.498881383,-2.848243036,-6.522632117,,
Belgium,BEL,Real interest rate (%),FR.INR.RINR,,,,,,,,,,,,,,,,,,,,,,,,,,,,,,,,,,,,,,,,,,,,,,,,,,,,,,,,,,,,,,,,,,
Benin,BEN,Real interest rate (%),FR.INR.RINR,,,,,,,,,,,,,,,,,,,,,,,,,,,,,,,,,,,,,,,,,,,,,,3.596098155,2.588145618,4.344562975,-1.362331084,2.377428574,4.195490191,1.468030817,-2.46960852,3.836592954,5.599991796,4.266334386,4.580099734,7.329027718,6.052308163,7.114169778,3.557093414,4.557501514,,,,
Burkina Faso,BFA,Real interest rate (%),FR.INR.RINR,,,,,,,,,,,,,,,,,,,,,,,,,,,,,,,,,,,,,,,,,,,,,,4.944070101,5.435521584,2.204376718,-3.82524863,2.511578975,1.285141169,-1.388528991,-0.741639727,7.5780202,5.995918151,7.545939073,2.622405522,5.024211614,5.628913773,6.143920617,0.06753751,6.130218132,,,,
Bangladesh,BGD,Real interest rate (%),FR.INR.RINR,,,,,,,,,,,,,,,,,33.79505835,13.86156226,-12.26921967,-2.094867647,-5.988132182,1.1279848,1.16377388,2.439473298,3.020813216,-6.211926915,4.374505694,3.353217679,6.837361623,6.006888297,7.803215576,11.71898735,11.05035713,13.74096927,9.125764688,5.455284559,-5.16455193,8.853321042,7.825648109,8.978643048,8.998203238,9.256955718,8.389699357,5.88445428,5.582355611,5.76426912,5.466993809,5.789111436,4.66174257,6.146538332,4.736123569,5.064197686,5.343332659,5.988693902,6.885866277,5.512644316,-13.64213564,4.276539894,3.634303658,5.689563715,4.289186251,3.076215735,1.972480573,0.629461238,2.778411378,
Bulgaria,BGR,Real interest rate (%),FR.INR.RINR,,,,,,,,,,,,,,,,,,,,,,,,,,,,,,,,,9.068475403,17.05248507,17.26117496,-23.95911572,139.9637132,-69.1063591,-14.83204662,9.852276592,3.690178269,4.70518301,5.16085367,6.217822183,3.115854481,1.93886978,2.000862766,-0.948807878,2.551230555,7.116723605,10.30151998,4.256438877,8.5074124,8.965006274,6.830279686,4.372237806,2.970723183,0.597670726,0.698370649,-0.696635748,-0.01272543,-2.664314633,-10.50091287,-3.303109913,-2.489130818,
Bahrain,BHR,Real interest rate (%),FR.INR.RINR,,,,,,,,,,,,,,,,,,,,,,,,,,,31.89907889,6.796161543,5.676506981,4.267214289,3.41972663,11.47486911,15.81804469,14.2943019,3.150139716,10.49670214,12.09982457,11.16094357,20.28486471,8.842679976,-2.378907328,14.54559539,4.827361497,-0.283027999,-2.781092163,-5.199029687,-0.796746124,-0.156119504,-2.821019654,24.06196744,-4.249246026,-2.461621415,3.012662807,5.408139596,7.415587015,15.25317769,,,,,,,,,,
"Bahamas, The",BHS,Real interest rate (%),FR.INR.RINR,,,,,,,,,,,,,,,,,6.944387126,7.639237236,7.092681004,0.525916093,0.751287393,-5.683085007,7.044690601,4.739740263,7.5879186,1.726529252,4.38524365,2.264504221,7.405764802,7.058839811,3.736699612,6.282836881,4.020735443,8.381728042,4.591386621,5.900219219,5.709560374,-38.37653613,3.591574395,1.356882645,5.030872342,5.626977584,1.961827981,4.789804497,4.748260807,0.462285095,4.633431666,2.47895543,3.952551212,6.604831487,5.915788916,5.972384534,2.84696533,4.13155191,0.327158441,-0.447833079,3.161210956,2.86428153,3.64959861,-0.188692852,6.730049991,5.537745654,0.120846426,-2.241293079,3.950185444,
Bosnia and Herzegovina,BIH,Real interest rate (%),FR.INR.RINR,,,,,,,,,,,,,,,,,,,,,,,,,,,,,,,,,,,,,,,,,,,7.32132202,9.32753797,7.947869698,3.223955212,0.198551452,0.919932444,-0.334494228,7.73269235,6.392144855,4.880421632,6.481563918,7.276476465,5.585297148,4.332934283,3.853480588,2.555421607,0.972976456,0.794606852,3.007856281,-1.678363103,-7.55577266,-2.963612969,0.303930252,
Belarus,BLR,Real interest rate (%),FR.INR.RINR,,,,,,,,,,,,,,,,,,,,,,,,,,,,,,,,,-89.29939143,-85.18832723,-87.85285741,-63.88725829,5.607158446,-23.215656,-28.08282613,-63.76102549,-41.22954911,-18.14018622,-5.528468977,-5.134717146,-4.700862648,-6.399671349,-1.721871688,-3.807565643,-10.44729535,2.211575755,-1.907344437,-33.48902474,-31.81321035,-1.756238004,0.464553802,1.776241379,5.591633508,0.953355736,-3.070644105,0.411085485,-2.542929485,-4.516802634,-1.888002462,1.772885307,1.125144155,
Belize,BLZ,Real interest rate (%),FR.INR.RINR,,,,,,,,,,,,,,,,,,,,,,,20.08806403,6.313680101,5.506662435,16.97370236,10.59171681,6.087613626,9.779356833,10.33448436,14.05298818,17.01191966,10.52699262,12.26707698,11.84060466,9.882167527,13.195218,18.0810579,13.72268099,18.23572661,14.3686867,17.71258603,14.04141107,19.22710796,11.55108788,10.92078937,10.64369012,10.13741544,10.19940477,16.96578961,11.47089382,8.110821385,11.66244054,9.36812183,9.586410901,10.52994979,7.539689332,6.202791197,9.054927552,9.159609472,9.366065227,7.857132067,1.152645033,1.6335485,6.918433055,
Bermuda,BMU,Real interest rate (%),FR.INR.RINR,,,,,,,,,,,,,,,,,,,,,,,,,,,,,,,,,,,,,,,,,,,,,,,,,,,,,,,,,,,,,,,,,,
Bolivia,BOL,Real interest rate (%),FR.INR.RINR,,,,,,,,,,,,,,,,,,,,,,,,,,,,30.39683894,18.95013375,21.28074356,21.97113918,19.93217041,28.54477858,44.40762993,44.11315582,35.53009432,39.77986871,41.95159969,30.22905118,32.18152217,27.94839572,17.85309791,17.32305791,10.65860771,6.022331912,10.07566894,-1.55933383,5.110629663,3.163720043,15.14603743,1.041041528,-3.217178149,3.767191392,4.770029141,7.491198547,13.3088029,9.434724955,-16.75326935,5.427780183,8.59146406,8.871505527,5.03808285,5.043313577,8.480836676,2.600776111,
Brazil,BRA,Real interest rate (%),FR.INR.RINR,,,,,,,,,,,,,,,,,,,,,,,,,,,,,,,,,,,,,,65.40884498,77.61683799,67.0609171,48.50472818,45.63781872,48.34043745,46.44739884,43.77915272,44.63516886,41.24032649,35.02251545,35.36675779,34.79200964,29.11580552,32.83345951,26.58209054,18.49884442,22.40367243,33.83234397,40.69836143,41.71380788,33.10233425,31.90307276,21.19717967,15.01088498,28.39609282,36.55447062,34.72851514,
Barbados,BRB,Real interest rate (%),FR.INR.RINR,,,,,,,,,,,,,,,,,,,,,,-0.661277886,3.212898421,5.798910952,6.005478356,6.808886214,4.392506287,1.31568767,6.500892202,2.895511442,7.412015518,7.58061362,11.1819479,3.537513728,6.724881478,8.893479949,7.276865585,8.835423998,0.962936396,4.7517455,11.66464363,7.166315277,7.523838618,7.302639735,2.36722364,2.342734603,5.951500989,1.975902352,8.080390552,11.23952177,-16.30836409,8.550203681,3.196880819,8.550480752,10.10440464,5.340106117,10.12210085,8.651704802,1.005297917,5.485760781,5.445553426,-1.864407206,9.418535212,,,
Brunei Darussalam,BRN,Real interest rate (%),FR.INR.RINR,,,,,,,,,,,,,,,,,,,,,,,,,,,,,,,,,,,,,,,23.82135743,-4.443441996,3.050770979,11.02114021,5.643024089,-0.761895015,-9.474659196,-12.45076032,-4.042364947,0.767082535,-9.068003683,34.80579029,0.495246549,-12.21557232,4.228153701,8.565331041,7.484174279,28.05378382,16.15040613,0.519012853,-3.402099993,9.138376216,18.35814431,-8.63105577,-15.08147173,21.05183381,8.586803415,
Bhutan,BTN,Real interest rate (%),FR.INR.RINR,,,,,,,,,,,,,,,,,,,,,,,7.188979171,7.317805736,4.390113522,7.972486803,7.290693848,13.74744422,0.030555566,8.893352918,8.280794398,5.561450464,7.415044606,7.820734796,3.776064551,7.125327988,7.295509324,2.739536608,4.791248196,9.258469369,-0.452380923,9.983959124,9.787592458,11.15876578,10.21038715,7.532736363,6.966800392,8.894817229,7.810135522,8.930793386,5.160030455,4.702226668,4.936823311,7.416222677,7.853382655,11.32262501,9.708017812,9.487686411,12.70294379,10.56367182,8.275090668,5.920379245,7.755712522,7.534612702,5.611755295,
Botswana,BWA,Real interest rate (%),FR.INR.RINR,,,,,,,,,,,,,,,,,,,,,-1.556654988,9.721909504,19.78189131,4.257201654,-2.968963509,-9.271153196,-2.683864922,-2.390604784,-12.11416662,-5.263682318,1.481638237,6.327978999,6.902446348,1.637970268,4.06788525,6.776493709,-1.388480721,8.530342197,3.349689855,0.473255878,1.145825237,6.866384475,14.84470101,12.72615936,5.151956536,0.230180569,10.74984513,9.606601366,6.554592168,-1.175676556,3.503574168,-1.467728982,7.754649189,8.526557569,-0.548849802,4.067947269,-4.115021481,9.784208191,6.439731816,5.858069996,1.313611869,-2.889370052,-7.403200769,4.914138618,3.384690884,
Central African Republic,CAF,Real interest rate (%),FR.INR.RINR,,,,,,,,,,,,,,,,,,,,,,,,,,,,,,,,,,,,,,,,,,,,,,,,,,,,,,,,,,,,,,,,,,
Canada,CAN,Real interest rate (%),FR.INR.RINR,,3.084345022,4.341589759,3.49157906,2.837818925,1.923199656,1.028484892,1.400162641,2.740142247,2.987357308,3.289330039,1.474988666,0.164379086,-2.076774403,-4.170201352,-1.424414556,1.156647042,1.670264232,2.678083498,2.567258577,3.810891292,7.595054141,6.418826782,5.048162633,8.225484196,7.010893264,7.164049112,4.512987527,6.020026017,8.265166721,10.36280577,6.676640654,5.92122339,4.589299118,5.341614892,6.241247755,4.314937921,3.771059244,6.792361794,4.428447479,2.775239785,4.173151295,2.914163588,1.392510066,0.715785256,1.260735624,3.161082007,2.714042827,0.704688615,4.833121745,-0.237699919,-0.236773145,1.760110305,1.237716665,1.038638979,3.674533458,1.968905229,0.125752246,,,,,,,,
Central Europe and the Baltics,CEB,Real interest rate (%),FR.INR.RINR,,,,,,,,,,,,,,,,,,,,,,,,,,,,,,,,,,,,,,,,,,,,,,,,,,,,,,,,,,,,,,,,,,
Switzerland,CHE,Real interest rate (%),FR.INR.RINR,,,,,,,,,,,,,,,,,,,,,,,,,,,,,,,,,,,,,,,,,,,,,,,,,1.865523206,2.282844447,2.413050091,2.73934664,2.622941744,2.778422112,3.365102228,3.99644736,3.248908894,3.006367495,1.849004653,2.739664579,3.35750971,1.301161106,-0.381723877,1.95038923,1.66594698,
Channel Islands,CHI,Real interest rate (%),FR.INR.RINR,,,,,,,,,,,,,,,,,,,,,,,,,,,,,,,,,,,,,,,,,,,,,,,,,,,,,,,,,,,,,,,,,,
Chile,CHL,Real interest rate (%),FR.INR.RINR,,,,,,,,,,,,,,,,,,,,,,,,,,-1.334195482,3.683594077,5.689364295,0.667334366,19.98354629,21.4726111,5.72133652,9.305227241,10.92661358,5.746066316,6.38855352,13.67494488,11.94194868,19.24062833,10.21196977,9.834873251,7.30156424,4.274612247,1.801028215,-1.773195332,-0.413027483,-3.872201044,3.409024447,12.9104702,3.545972113,-3.768795801,5.587457765,9.223378342,6.846326437,2.12102531,0.534100502,0.982913248,-0.262655305,2.547312162,,,,,,,
China,CHN,Real interest rate (%),FR.INR.RINR,,,,,,,,,,,,,,,,,,,,,1.229057377,2.617606454,7.380294652,5.931525512,2.187281929,-2.068646207,3.094699303,2.68046318,-2.766909931,2.515816731,3.45382567,1.79286013,0.406518064,-3.650380407,-8.007706744,-1.3842867,3.35584231,6.869076976,7.276611764,7.156973146,3.673088686,3.559219168,4.637498974,2.598646301,-1.318057461,1.76511319,2.019374501,-0.411124456,-2.361085723,5.396390198,-1.045986579,-1.348005925,3.510384658,3.618845182,4.460243408,4.20696427,2.830736322,0.195857336,0.852537112,2.995092852,3.799859895,-0.118557235,2.369885834,4.880384867,5.093219257,
Cote d'Ivoire,CIV,Real interest rate (%),FR.INR.RINR,,,,,,,,,,,,,,,,,,,,,,,,,,,,,,,,,,,,,,,,,,,,,,5.763991453,3.331830891,1.613289963,-0.368943718,3.724734135,3.543389896,-0.428915663,5.465350419,2.343357493,0.891700761,0.361232955,6.552136669,,,,,,,,,
Cameroon,CMR,Real interest rate (%),FR.INR.RINR,,,,,,,,,,,,,,,,,,,,,,,,,,,,,,,,,,,,,,,,,,,,,,,,,,,,,,,,,,,,,,,,,,
"Congo, Dem. Rep.",COD,Real interest rate (%),FR.INR.RINR,,,,,,,,,,,,,,,,,,,,,,,,,,,,,,,,,,,,,,,,,,,,,,,26.85216721,21.83040143,14.86940038,40.31103003,16.19746142,39.50520521,22.64071489,12.64398808,15.15525691,21.0913993,14.02212626,-10.79842904,-3.920758757,24.98977279,13.36271214,-3.526294763,,,,
"Congo, Rep.",COG,Real interest rate (%),FR.INR.RINR,,,,,,,,,,,,,,,,,,,,,,,,,,,,,,,,,,,,,,,,,,,,,,,,,,,,,,,,,,,,,,,,,,
Colombia,COL,Real interest rate (%),FR.INR.RINR,,,,,,,,,,,,,,,,,,,,,,,,,,,8.555625925,13.8660468,11.19027451,14.20065914,-5.098230827,15.28657276,11.45805937,8.358405004,14.54666917,19.54132454,20.95820732,14.43888089,23.37814846,14.9195709,-11.13795592,13.33248084,9.775204902,7.823797978,7.270509663,9.36261383,6.697295974,9.67644438,8.821016978,8.594547354,5.372224027,4.542964842,8.655350954,8.90797441,8.442949352,8.785473732,9.032095057,8.134491128,7.15306949,7.467547259,8.246607616,1.424587394,0.76786766,13.16312628,9.789434423,
Comoros,COM,Real interest rate (%),FR.INR.RINR,,,,,,,,,,,,,,,,,,,,,,,,,,,,,,,,,,,,,,,,9.44741752,5.29600704,4.282081928,7.876461922,6.57676443,10.51803445,11.45391569,4.294410209,5.202941592,7.131475931,9.420916282,8.679572791,7.234046304,5.974327418,8.597119484,9.58492925,11.0809323,8.636842555,10.0569625,9.453576556,5.749609263,7.285950291,9.149443157,2.707783024,,,
Cabo Verde,CPV,Real interest rate (%),FR.INR.RINR,,,,,,,,,,,,,,,,,,,,,,,,,,,,,,,,,,,,,,,,,,,,,,,5.891057434,-6.761807957,6.0515898,8.849125474,10.31796103,6.874906426,9.160677954,8.967572419,11.00511684,8.645325498,7.795759333,8.08633612,7.146958078,8.387679996,7.799794655,6.185881261,1.399741622,4.134759164,6.1075805,
Costa Rica,CRI,Real interest rate (%),FR.INR.RINR,,,,,,,,,,,,,,,,,,,,,,,-32.12862158,-4.40660921,1.118727632,0.308143301,3.175981005,12.41910814,8.287714676,12.07900235,11.81696709,-15.71773787,7.293129405,17.73455852,15.00413622,12.75093629,9.731995023,6.798727784,9.411567169,13.24650873,14.16902249,12.86156668,15.14732856,13.49781682,8.888553211,10.30188948,8.146284034,2.064435159,3.952220959,9.135716342,9.811593181,11.04527389,12.86966435,10.13299571,8.187917606,9.887063287,9.493883461,8.269830327,8.739207219,6.024715568,5.820520183,3.065307094,1.016618065,9.192541675,7.284339112,
Caribbean small states,CSS,Real interest rate (%),FR.INR.RINR,,,,,,,,,,,,,,,,,,,,,,,,,,,,,,,,,,,,,,,,,,,,,,,,,,,,,,,,,,,,,,,,,,
Cuba,CUB,Real interest rate (%),FR.INR.RINR,,,,,,,,,,,,,,,,,,,,,,,,,,,,,,,,,,,,,,,,,,,,,,,,,,,,,,,,,,,,,,,,,,
Curacao,CUW,Real interest rate (%),FR.INR.RINR,,,,,,,,,,,,,,,,,,,,,,,,,,,,,,,,,,,,,,,,,,,,,,,,,,,,,,,,,,,,,,,,,,
Cayman Islands,CYM,Real interest rate (%),FR.INR.RINR,,,,,,,,,,,,,,,,,,,,,,,,,,,,,,,,,,,,,,,,,,,,,,,,,,,,,,,,,,,,,,,,,,
Cyprus,CYP,Real interest rate (%),FR.INR.RINR,,,,,,,,,,,,,,,,,,,,,,,,,,,,,,,,,,,,,,,,,,,,,,,,,,,,,,,,,,,,,,,,,,
Czechia,CZE,Real interest rate (%),FR.INR.RINR,,,,,,,,,,,,,,,,,,,,,,,,,,,,,,,,,,-5.733442043,0.69107458,3.383639548,2.396775803,4.476757764,2.703654969,5.400742275,5.309357654,2.155475573,3.817003386,4.473498359,1.893565359,5.652207131,4.877103524,2.150916815,4.141457539,3.258577085,6.404026182,5.952128895,4.009470309,3.651868513,1.887110796,3.010827112,2.380513344,1.874562619,0.708328255,-0.149541357,-1.121285341,-0.800024637,-4.091328481,-3.605148363,0.776963848,
Germany,DEU,Real interest rate (%),FR.INR.RINR,,,,,,,,,,,,,,,,,,,,,,,,,,,,,,,,,,,,,,,,,,,,,,,,,,,,,,,,,,,,,,,,,,
Djibouti,DJI,Real interest rate (%),FR.INR.RINR,,,,,,,,,,,,,,,,,,,,,,,,,,,,,,,,,,,,,,,,,,,,,,,,,,,,,,,,,,,,,,,,,,
Dominica,DMA,Real interest rate (%),FR.INR.RINR,,,,,,,,,,,,,,,,,,,,,,,5.223726049,2.785644872,4.741481099,2.623264345,5.061915383,5.263422009,6.467176058,2.628577597,7.798427902,3.312172535,6.836381499,9.002871139,3.68912795,10.633454,7.907211046,9.589633637,8.516131614,8.640134168,13.70790624,-1.876063283,8.195347654,18.56784176,6.718567886,12.41347506,7.402241787,7.772133893,8.234462057,1.256801634,8.447483659,6.385701242,11.32471325,4.084171884,6.234405788,3.036278837,4.549916501,8.67554088,-0.457770451,9.007004798,9.753697483,5.257370949,6.258781101,3.767641142,3.369374317,
Denmark,DNK,Real interest rate (%),FR.INR.RINR,,,,,,,,,,,,,,,,,,,,,,,,,,,,,,,,,,,,,,,,,,,,,,,,,,,,,,,,,,,,,,,,,,
Dominican Republic,DOM,Real interest rate (%),FR.INR.RINR,,,,,,,,,,,,,,,,,,,,,,,,,,,,,,,,-33.35679961,21.58866628,23.726409,16.83001356,19.19530974,19.33545109,10.57201118,17.95943956,20.44633135,18.26289782,17.1957924,17.88611808,-1.554557876,-8.621505548,17.33004995,12.03128232,7.612203201,8.786145602,14.22203806,6.442714467,7.024146721,10.00588452,8.566304156,9.294867245,12.20488803,12.81058978,9.626367305,7.646026731,8.5827282,5.239187716,2.22649862,2.09839284,8.174303445,10.53155094,
Algeria,DZA,Real interest rate (%),FR.INR.RINR,,,,,,,,,,,,,,,,,,,,,,,,,,,,,,,,,,,,-7.902165938,-4.049207358,8.13664538,15.10400861,-0.095922628,-10.334378,1.375406935,7.112828503,-0.75036145,-3.092518538,-3.881747501,-2.510519978,0.844558437,-6.183124665,16.59761447,-6.539563571,-7.620226489,-0.002265261,7.044358287,6.455999798,13.66835056,7.08263567,2.917906279,1.728749773,7.054714548,13.33987672,-6.842423631,-12.13819436,6.929071771,4.474025213,
East Asia & Pacific (excluding high income),EAP,Real interest rate (%),FR.INR.RINR,,,,,,,,,,,,,,,,,,,,,,,,,,,,,,,,,,,,,,,,,,,,,,,,,,,,,,,,,,,,,,,,,,
Early-demographic dividend,EAR,Real interest rate (%),FR.INR.RINR,,,,,,,,,,,,,,,,,,,,,,,,,,,,,,,,,,,,,,,,,,,,,,,,,,,,,,,,,,,,,,,,,,
East Asia & Pacific,EAS,Real interest rate (%),FR.INR.RINR,,,,,,,,,,,,,,,,,,,,,,,,,,,,,,,,,,,,,,,,,,,,,,,,,,,,,,,,,,,,,,,,,,
Europe & Central Asia (excluding high income),ECA,Real interest rate (%),FR.INR.RINR,,,,,,,,,,,,,,,,,,,,,,,,,,,,,,,,,,,,,,,,,,,,,,,,,,,,,,,,,,,,,,,,,,
Europe & Central Asia,ECS,Real interest rate (%),FR.INR.RINR,,,,,,,,,,,,,,,,,,,,,,,,,,,,,,,,,,,,,,,,,,,,,,,,,,,,,,,,,,,,,,,,,,
Ecuador,ECU,Real interest rate (%),FR.INR.RINR,,,,,,,,,,,,,,,,,,,,,,,,,,,,,,,,,,,,,,,,,,,,,,,,,,,,,,,,,,,,,,,,,,
"Egypt, Arab Rep.",EGY,Real interest rate (%),FR.INR.RINR,,,,,,,,,,,,,,,,,-3.167914566,-3.119680241,0.565092117,-9.311642226,0.802685992,17.58479047,-7.801484774,2.030075188,6.238065866,3.068721728,1.882458579,3.435567132,3.158634196,-0.674911055,1.067535299,3.204638796,1.67092489,9.101241384,7.435419401,4.552157631,7.913220488,3.563452758,10.39189892,11.9358224,8.919600974,11.21451338,10.30003194,6.327025948,1.526903429,6.523640992,4.880796718,-0.077628595,0.107853155,0.71003632,0.818721618,-0.563878053,-6.262719502,3.292157153,0.414129139,1.54106846,6.922011355,-8.758194081,-2.358703013,2.199095783,4.88781543,4.366206699,0.142669652,-5.6416624,-7.030990941,
Euro area,EMU,Real interest rate (%),FR.INR.RINR,,,,,,,,,,,,,,,,,,,,,,,,,,,,,,,,,,,,,,,,,,,,,,,,,,,,,,,,,,,,,,,,,,
Eritrea,ERI,Real interest rate (%),FR.INR.RINR,,,,,,,,,,,,,,,,,,,,,,,,,,,,,,,,,,,,,,,,,,,,,,,,,,,,,,,,,,,,,,,,,,
Spain,ESP,Real interest rate (%),FR.INR.RINR,,,,,,,,,,,,,,,,,,,,,,,,,,,,,,,,,,,,,,,,,,,,,,,,,,,,,,,,,,,,,,,,,,
Estonia,EST,Real interest rate (%),FR.INR.RINR,,,,,,,,,,,,,,,,,,,,,,,,,,,,,,,,,,,,,,,,,,,,,,,,,,,,,,,,,,,,,,,,,,
Ethiopia,ETH,Real interest rate (%),FR.INR.RINR,,,,,,,,,,,,,,,,,,,,,,,,,,-17.67065668,13.22028145,12.90948702,2.807315014,0.393303173,2.642189474,-10.98741927,-6.519588601,0.549614539,11.07755931,2.108988461,13.64489849,10.27211655,10.66616185,8.177187344,3.831148611,17.63548321,12.7439479,-5.114907985,2.972377105,-2.617063492,-4.080908928,-8.292553681,-17.12177624,,,,,,,,,,,,,,,,,
European Union,EUU,Real interest rate (%),FR.INR.RINR,,,,,,,,,,,,,,,,,,,,,,,,,,,,,,,,,,,,,,,,,,,,,,,,,,,,,,,,,,,,,,,,,,
Fragile and conflict affected situations,FCS,Real interest rate (%),FR.INR.RINR,,,,,,,,,,,,,,,,,,,,,,,,,,,,,,,,,,,,,,,,,,,,,,,,,,,,,,,,,,,,,,,,,,
Finland,FIN,Real interest rate (%),FR.INR.RINR,,,,,,,,,,,,,,,,,,,,,,,,,,,,,,,,,,,,,,,,,,,,,,,,,,,,,,,,,,,,,,,,,,
Fiji,FJI,Real interest rate (%),FR.INR.RINR,,,,,,,,,,,,,,,,,,,,,,,,,,,,,,,,,5.778873431,4.337874671,10.52646548,9.994110554,8.039288676,7.49017957,2.036998538,1.905722559,13.76716679,4.938892905,4.634663663,-0.093110327,4.868426454,0.12637703,3.473075989,5.805544749,5.715797036,6.374077023,3.127572744,-1.759995185,3.308231576,2.396639496,-5.99464056,3.17797125,3.135430858,3.97454739,4.1918447,6.354852334,10.74539536,7.899915886,-2.444771456,2.158292748,-1.454187477,
France,FRA,Real interest rate (%),FR.INR.RINR,,,,,,,,,,,,,,,,,,,,,,,,,,,,,,,,,,,,,,,,,,,,,,,,,,,,,,,,,,,,,,,,,,
Faroe Islands,FRO,Real interest rate (%),FR.INR.RINR,,,,,,,,,,,,,,,,,,,,,,,,,,,,,,,,,,,,,,,,,,,,,,,,,,,,,,,,,,,,,,,,,,
"Micronesia, Fed. Sts.",FSM,Real interest rate (%),FR.INR.RINR,,,,,,,,,,,,,,,,,,,,,,,,,,,,,,,,,,,,13.31329569,12.89721767,14.26801648,11.64057992,16.10127676,14.13788027,14.06564085,15.16883247,15.42657357,14.26039239,14.04836407,14.14168003,10.53985025,8.78440718,9.627078489,11.04617698,12.42544409,6.799934633,15.01964564,12.28269201,22.31741454,11.46330101,7.391267082,5.95994898,18.77563452,18.922882,10.5665247,,,,
Gabon,GAB,Real interest rate (%),FR.INR.RINR,,,,,,,,,,,,,,,,,,,,,,,,,,,,,,,,,,,,,,,,,,,,,,,,,,,,,,,,,,,,,,,,,,
United Kingdom,GBR,Real interest rate (%),FR.INR.RINR,,,,,,,,2.646966944,2.110721591,0.568714171,-1.829361479,-1.8925771,-0.37758966,0.355799998,-4.484418254,-11.45710775,-3.584836348,-4.3082862,-2.873612855,-1.288770999,-2.979444493,0.962806855,4.300862266,3.874347135,4.837654058,5.829305891,7.181423702,3.253080345,3.046477465,5.167206348,6.426909703,4.756740116,6.985708939,4.20083928,5.122415417,-3.713889685,1.744759224,6.52493256,5.826125988,3.895585152,4.940077785,3.352768515,1.872293608,1.280515098,1.605439792,1.734989719,1.516104236,3.44659214,1.326757409,-1.335769031,-0.817511776,-1.928216357,-1.031798784,-1.622097716,-1.078797845,,,,,,,,,,,
Georgia,GEO,Real interest rate (%),FR.INR.RINR,,,,,,,,,,,,,,,,,,,,,,,,,,,,,,,,,,,,,,,,,,,,19.65594994,12.59150174,8.908861373,7.942062786,6.95969854,7.712041662,20.43860617,-0.052416138,5.334216452,14.47513678,14.3391998,6.998579186,6.748175912,10.1159781,3.662257128,7.377483629,6.558656698,4.635435104,2.06923029,5.10459322,12.68614393,9.611084469,
Ghana,GHA,Real interest rate (%),FR.INR.RINR,,,,,,,,,,,,,,,,,,,,,,,,,,,,,,,,,,,,,,,,,,,,,,,,,,,,,,,,,,,,,,,,,,
Gibraltar,GIB,Real interest rate (%),FR.INR.RINR,,,,,,,,,,,,,,,,,,,,,,,,,,,,,,,,,,,,,,,,,,,,,,,,,,,,,,,,,,,,,,,,,,
Guinea,GIN,Real interest rate (%),FR.INR.RINR,,,,,,,,,,,,,,,,,,,,,,,,,,,-32.8072595,-9.633813505,-5.469330123,-4.141396945,3.314727695,-1.048072247,0.617798332,23.66678603,20.28236584,14.6752858,19.15785737,18.79631043,15.71537969,15.01263906,12.29996312,10.93101569,,,,,,,,,,,,,,,,,,,,,,,,
"Gambia, The",GMB,Real interest rate (%),FR.INR.RINR,,,,,,,,,,,,,,,,,,,,,,,,,,-17.88547999,-8.907682262,7.948365224,18.08058833,11.51499525,12.98220621,-45.94845708,24.32561222,19.91682355,20.45012127,20.27487219,15.80848626,33.46679226,18.93827331,27.09540134,21.31056585,21.80095962,12.32764712,14.56180197,-29.70805924,29.58576079,28.0808453,22.50814651,23.93164352,21.51562863,20.21468541,22.40355815,23.26043865,20.83094149,22.13467873,,,24.13189631,19.68012043,20.46808658,25.25839564,11.28481801,9.357836646,6.182612111,15.31529501,
Guinea-Bissau,GNB,Real interest rate (%),FR.INR.RINR,,,,,,,,,,,,,,,,,,,,,,,,,,,,,,,,,,,,,,,,,,,,,,,9.377997438,-1.16859706,-6.898170915,9.15282226,-0.096642279,-2.947827756,5.067767332,6.278306341,3.989016188,-8.178068285,2.509064619,,,,,,,,,
Equatorial Guinea,GNQ,Real interest rate (%),FR.INR.RINR,,,,,,,,,,,,,,,,,,,,,,,,,,,,,,,,,,,,,,,,,,,,,,,,,,,,,,,,,,,,,,,,,,
Greece,GRC,Real interest rate (%),FR.INR.RINR,,,,,,,,,,,,,,,,,,,,,,,,,,,,,,,,,,,,,,,,,,,,,,,,,,,,,,,,,,,,,,,,,,
Grenada,GRD,Real interest rate (%),FR.INR.RINR,,,,,,,,,,,,,,,,,,,,,,,7.8356291,10.78175133,5.358728924,4.279088426,8.783509374,7.847316973,5.211646053,3.05430969,12.30758513,5.279920869,7.702599485,9.765036458,7.594953394,7.784522041,7.128352362,9.285551858,9.823877838,10.383237,8.493010368,7.87371781,10.89653084,12.13463967,7.991377657,7.391312726,4.988611962,7.267924037,1.558916371,11.00404266,10.0470161,10.43803745,5.580645485,6.166845617,8.346067682,6.037649233,5.836425342,6.684312296,8.599878241,4.106838563,7.154646579,3.71656968,4.721109939,2.368874214,8.247663597,
Greenland,GRL,Real interest rate (%),FR.INR.RINR,,,,,,,,,,,,,,,,,,,,,,,,,,,,,,,,,,,,,,,,,,,,,,,,,,,,,,,,,,,,,,,,,,
Guatemala,GTM,Real interest rate (%),FR.INR.RINR,,,,,,,,,,,,,,,,,,,,,,,,,,,,,,,,,,,,,,9.588412693,6.448926428,13.77560364,13.15317506,26.02784521,9.763381368,10.05740833,7.344549242,6.969818057,7.411952972,5.341266302,3.641592342,9.892832099,7.803198652,6.113829832,9.778618455,9.906407915,10.60948982,10.75585684,10.12048981,11.11199029,11.50547346,8.859117246,9.383988372,8.782023702,5.218738994,5.088815822,8.427922352,
Guam,GUM,Real interest rate (%),FR.INR.RINR,,,,,,,,,,,,,,,,,,,,,,,,,,,,,,,,,,,,,,,,,,,,,,,,,,,,,,,,,,,,,,,,,,
Guyana,GUY,Real interest rate (%),FR.INR.RINR,,,,,,,,,,,,,,,,,,,,,,8.778220754,9.657107611,5.582384315,-3.589612088,0.42782349,2.410327062,-27.54117256,-6.936632349,-54.69841643,-15.14568615,-43.05818134,15.62141973,2.062071715,1.534184849,6.113205867,13.33847421,15.37895561,13.39943163,5.303299611,10.05349534,16.6319782,13.35647552,9.810426511,7.273623534,6.418515761,-58.3271743,5.914206812,4.589259232,13.235672,10.1656426,11.75877642,8.721191673,14.11241913,15.26002232,9.542339621,11.99409599,10.66604441,16.35987741,7.301759348,48.52033122,-11.06269565,-3.251622038,26.14421668,6.922097186,
High income,HIC,Real interest rate (%),FR.INR.RINR,,,,,,,,,,,,,,,,,,,,,,,,,,,,,,,,,,,,,,,,,,,,,,,,,,,,,,,,,,,,,,,,,,
"Hong Kong SAR, China",HKG,Real interest rate (%),FR.INR.RINR,,,,,,,,,,,,,,,,,,,,,,,,,,,,,,,2.263808207,0.253130861,-2.334856699,-1.945423073,0.991101549,4.567243543,2.490580417,2.964878476,8.57139474,13.13365713,13.11002541,8.773405181,8.805596627,11.7113271,8.9324703,6.367984614,8.496983045,4.290433093,3.980013315,5.395655714,4.716596162,1.060779375,1.405373806,3.130788904,2.090163816,1.308745483,3.307539762,2.060078023,1.333343081,2.997887374,4.334002177,4.287090267,3.358799562,2.796970878,1.844751952,
Honduras,HND,Real interest rate (%),FR.INR.RINR,,,,,,,,,,,,,,,,,,,,,,,17.66112957,17.07236181,13.35196078,13.33694268,12.7067491,10.09640403,9.412884078,11.08104839,17.20753701,19.93791391,15.12646199,15.13303783,27.23166466,21.94849363,25.80568352,25.44219139,27.96120428,32.08477466,19.59518917,14.50701917,16.70233414,14.22506592,12.61077139,10.76809208,11.47428245,9.359386039,9.412844122,10.95295752,13.55479289,9.971806992,14.35696298,18.45328242,12.88062187,12.83497683,15.09853656,14.10912758,15.55407811,13.52611851,13.15950051,10.85992656,4.843586541,7.874882267,10.36919645,
Heavily indebted poor countries (HIPC),HPC,Real interest rate (%),FR.INR.RINR,,,,,,,,,,,,,,,,,,,,,,,,,,,,,,,,,,,,,,,,,,,,,,,,,,,,,,,,,,,,,,,,,,
Croatia,HRV,Real interest rate (%),FR.INR.RINR,,,,,,,,,,,,,,,,,,,,,,,,,,,,,,,,,,-1.47953164,-41.95712889,-2.642346721,17.9907431,8.024111819,7.000457317,11.04276958,7.400463273,5.105227705,8.666442714,6.976162151,7.837072453,7.83280456,5.828322548,4.837066703,4.302016491,8.323148888,9.370365263,7.882330509,7.957016842,8.446803116,8.440538998,,,,,,,,,,,
Haiti,HTI,Real interest rate (%),FR.INR.RINR,,,,,,,,,,,,,,,,,,,,,,,,,,,,,,,,,,,-29.48663993,-2.560832097,9.18800988,1.362148035,1.395075681,7.532693464,-39.12982237,4.063344806,7.000963742,4.427537816,4.942942782,11.92660453,11.3183065,18.22175187,4.558151262,5.132279683,9.393317859,6.987364203,0.671275932,0.597120821,8.36864816,7.335487261,-2.135389703,-0.905881386,6.163884496,-4.740152627,-3.413247764,-5.022840662,-12.84043499,-13.15302126,,
Hungary,HUN,Real interest rate (%),FR.INR.RINR,,,,,,,,,,,,,,,,,,,,,,,,,,,,,0.176349599,1.344815693,2.473977924,-0.414709331,9.497899977,3.419028465,6.618854534,4.636167498,4.380643096,1.251605564,4.846916658,7.600775569,2.740506113,0.980904286,1.964345732,3.97739465,7.306040869,5.766990555,4.25100818,3.457991751,5.135197584,6.547306201,4.930905296,6.272031127,5.953140703,3.373471295,0.730458423,0.088835498,0.756515735,-2.456954856,-3.218469169,-2.826176377,-4.199066716,-3.016391954,-2.906484862,0.170265781,1.445061571,
IBRD only,IBD,Real interest rate (%),FR.INR.RINR,,,,,,,,,,,,,,,,,,,,,,,,,,,,,,,,,,,,,,,,,,,,,,,,,,,,,,,,,,,,,,,,,,
IDA & IBRD total,IBT,Real interest rate (%),FR.INR.RINR,,,,,,,,,,,,,,,,,,,,,,,,,,,,,,,,,,,,,,,,,,,,,,,,,,,,,,,,,,,,,,,,,,
IDA total,IDA,Real interest rate (%),FR.INR.RINR,,,,,,,,,,,,,,,,,,,,,,,,,,,,,,,,,,,,,,,,,,,,,,,,,,,,,,,,,,,,,,,,,,
IDA blend,IDB,Real interest rate (%),FR.INR.RINR,,,,,,,,,,,,,,,,,,,,,,,,,,,,,,,,,,,,,,,,,,,,,,,,,,,,,,,,,,,,,,,,,,
Indonesia,IDN,Real interest rate (%),FR.INR.RINR,,,,,,,,,,,,,,,,,,,,,,,,,,,18.82609796,4.881607487,13.442823,11.15598824,10.75316306,15.41486706,15.60691171,1.203573126,9.263077251,8.162954671,9.699419192,8.21356548,-24.60016808,11.82652643,-1.654212471,3.719985957,12.3224125,10.85207115,5.134410231,-0.245735467,1.658151422,2.339674091,-3.852245026,5.747952096,-1.746097536,4.594376749,7.750188565,6.374931242,6.792118581,8.349910635,9.224432344,6.501563996,6.471249839,8.62940479,9.98592672,2.75322395,-0.957376341,7.285063594,7.834180102,
IDA only,IDX,Real interest rate (%),FR.INR.RINR,,,,,,,,,,,,,,,,,,,,,,,,,,,,,,,,,,,,,,,,,,,,,,,,,,,,,,,,,,,,,,,,,,
Isle of Man,IMN,Real interest rate (%),FR.INR.RINR,,,,,,,,,,,,,,,,,,,,,,,,,,,,,,,,,,,,,,,,,,,,,,,,,,,,,,,,,,,,,,,,,,
India,IND,Real interest rate (%),FR.INR.RINR,,,,,,,,,,,,,,,,,,,10.77463133,-1.061145746,4.476508261,5.118236741,7.774707244,7.320986685,7.94709992,8.681673585,9.093224145,6.560180094,7.638632996,7.435843248,5.269526998,3.624716596,9.132749406,5.814776512,4.337109738,5.864178109,7.7929943,6.909578995,5.121276329,9.191247322,8.342610831,8.591449296,7.907177189,7.30788116,4.910128303,4.855145172,2.570606702,5.681844065,3.77175625,4.808592108,-1.983859221,1.317980862,2.473520489,3.865992863,6.69517609,7.556488414,6.232711415,5.327608862,5.36166639,6.894875427,4.135999578,0.316945144,2.521315449,,,
Not classified,INX,Real interest rate (%),FR.INR.RINR,,,,,,,,,,,,,,,,,,,,,,,,,,,,,,,,,,,,,,,,,,,,,,,,,,,,,,,,,,,,,,,,,,
Ireland,IRL,Real interest rate (%),FR.INR.RINR,,,,,,,,,,,,,,,,,,,,,,,,,,,,,,,,,,,,,,,,,,,,,,,,,,,,,,,,,,,,,,,,,,
"Iran, Islamic Rep.",IRN,Real interest rate (%),FR.INR.RINR,,,,,,,,,,,,,,,,,,,,,,,,,,,,,,,,,,,,,,,,,,,,,-6.461675862,-3.467024746,-0.508448114,-8.897954183,-6.214920245,7.07608798,-3.350481524,-16.79755009,-6.686527474,-18.84519306,3.86413889,13.98544676,3.449768758,,,,,,,,,
Iraq,IRQ,Real interest rate (%),FR.INR.RINR,,,,,,,,,,,,,,,,,,,,,,,,,,,,,,,,,,,,,,,,,,,,,-3.445455287,-16.51539408,-7.053046888,3.79616044,-8.419722882,44.33097173,-1.922094573,-8.467921829,10.90655086,13.58787276,18.28905906,57.62593122,,,,,,,,,,
Iceland,ISL,Real interest rate (%),FR.INR.RINR,,,,,,,,,,,,,,,,,,,,,,,-4.325764701,-19.48904642,-3.189946235,0.390247529,-4.664420564,5.554013951,5.79826186,4.149360666,0.87849934,8.444881125,9.280595895,12.05564484,7.761235482,8.335889573,9.627425405,9.831851707,7.740029698,9.517528378,12.33911189,8.533104552,8.977045018,11.40481692,9.112006431,11.49771259,8.493158365,14.36800761,7.097149483,7.168868421,3.477149263,4.103726077,4.653800347,5.521037608,3.387366121,0.804081377,5.39231412,5.594051449,3.734435646,2.015714968,1.358613417,-0.701328168,-1.13427266,5.927804797,6.072121871,
Israel,ISR,Real interest rate (%),FR.INR.RINR,,,,,,,,,,,,,,,,,,,,,,,,,,,,,,,,,,,,,,,,,,,,,,,,,,,,,,2.496763769,3.107041298,1.072989519,3.060826356,3.490529791,2.77336226,1.586749365,2.22737102,0.78557216,-1.884139196,,,
Italy,ITA,Real interest rate (%),FR.INR.RINR,,,,,,,,,,,,,,,,,,,,,,,,,,,,,,8.291348313,5.452176274,6.585797092,11.64704461,10.34007139,8.152557579,7.920644367,8.091711479,7.767710574,6.129394545,4.797352404,5.175823906,4.098202175,3.128116229,2.58132815,2.802701894,3.163790603,3.332053061,3.77483942,4.328629036,2.932157779,3.413420183,2.821603536,3.46119745,3.973647936,3.928657829,3.320481574,2.220281892,2.274864139,1.592370856,1.539375726,0.739269291,0.733185662,-1.151128546,-1.228641223,3.234292872,
Jamaica,JAM,Real interest rate (%),FR.INR.RINR,,,,,,,,,,,,,,,,,2.36180738,1.216593549,-10.1844178,-1.662053785,-2.24424896,7.148892159,7.499940703,0.007327129,-12.79070919,-2.811052272,0.377481935,13.19593008,11.72209101,11.43398394,4.302950753,-8.574057861,-9.512396712,-5.951801117,13.99636859,14.68989267,17.63412732,21.21680819,19.00286122,18.78944943,11.53955151,11.87314993,8.633558836,6.506314025,4.677446374,5.285866926,8.079424035,5.279057529,2.887816772,4.276962292,9.693284433,12.96180044,10.37456239,8.578676321,9.620375911,3.99915822,12.41425954,8.464446752,8.755723587,10.09525626,9.188625469,4.579786827,-1.111247534,0.285773474,6.80326323,
Jordan,JOR,Real interest rate (%),FR.INR.RINR,,,,,,,,,,,,,,,,,,,,,,,,,,,,,,,,,,,,,,10.95795268,6.230650638,12.74661342,12.26379235,10.08388381,9.169880498,6.999114167,5.006628047,5.490036198,-2.233285551,3.453389478,-11.80766163,5.898580861,0.875955637,2.646406244,3.9901971,2.700469426,5.360006858,6.172976266,6.662253029,6.49396019,6.246631014,7.755163184,8.247864681,4.708472871,4.631106983,7.022060054,6.462429412,
Japan,JPN,Real interest rate (%),FR.INR.RINR,,,,,,,,,,,,,,,,,,,,,,,,,,,,,,,,,,4.312357955,3.93924918,4.050494997,3.117254681,1.934613154,2.348223425,3.444634362,3.449521333,3.087795385,3.301822933,3.485828841,2.924240609,2.90562806,2.548823046,2.606878389,2.846981386,2.306032611,3.545761915,3.174489687,2.180076528,1.664021933,-0.459381592,-0.94844123,0.62219276,1.069144407,,,,,,,,
Kazakhstan,KAZ,Real interest rate (%),FR.INR.RINR,,,,,,,,,,,,,,,,,,,,,,,,,,,,,,,,,,,,,,,,,,,,,,,,,,,,,,,,,,,,,,,,,,
Kenya,KEN,Real interest rate (%),FR.INR.RINR,,,,,,,,,,,,20.06938633,7.701926991,-1.092377058,-5.64352717,-1.640905658,-7.490083755,-5.902336362,6.712201813,4.128561073,0.942589238,1.410506084,2.605412414,3.572394451,3.835120319,5.257537652,4.864495046,8.157389637,8.026232319,6.815211935,7.332797066,5.745512648,1.825329188,3.413472407,16.42810989,15.80164834,-5.77658854,16.87956849,21.09632603,17.45404878,15.32743345,17.81250097,17.35814064,9.770510927,5.045257597,7.609987546,-8.009866971,4.819090788,-0.984996972,-10.09600357,12.52695849,4.526185832,9.313511345,9.29394636,8.249078992,6.268805783,10.11812871,5.656747616,8.487960475,7.831100748,6.714634409,7.427581005,5.02892163,7.75281849,13.13961953,
Kyrgyz Republic,KGZ,Real interest rate (%),FR.INR.RINR,,,,,,,,,,,,,,,,,,,,,,,,,,,,,,,,,,,,,20.1214953,36.81333224,43.87352866,15.58210305,23.05040235,30.52082268,33.1909432,19.30883194,17.34746593,13.41396911,12.50607123,7.261727084,3.019118014,21.74040098,12.43804433,1.058988802,13.19759191,17.59058869,10.80871833,19.53336065,17.42687928,12.68917742,15.53033705,8.364750007,11.10267685,0.543018693,-0.829301475,-0.628515584,14.36277133,
Cambodia,KHM,Real interest rate (%),FR.INR.RINR,,,,,,,,,,,,,,,,,,,,,,,,,,,,,,,,,,,,,,,,,,,,,,,,,,,,,,,,,,,,,,,,,,
Kiribati,KIR,Real interest rate (%),FR.INR.RINR,,,,,,,,,,,,,,,,,,,,,,,,,,,,,,,,,,,,,,,,,,,,,,,,,,,,,,,,,,,,,,,,,,
St. Kitts and Nevis,KNA,Real interest rate (%),FR.INR.RINR,,,,,,,,,,,,,,,,,,,,,0.717769745,-6.721451348,2.617702562,8.746617926,5.011927147,7.013256002,4.88139592,4.970902692,3.714168545,5.385347301,3.510706605,7.597846456,5.191597987,8.126660351,4.395984907,10.02909009,10.2131381,5.956906649,8.386958377,8.200496852,17.88365272,7.493374094,7.167938678,10.37383558,6.176204043,11.85115854,-4.263509617,2.778076366,7.24857551,5.51338524,7.938364301,3.582667814,9.438159083,8.435968493,7.984643631,9.467940947,7.933369209,4.14506836,9.020360359,8.555184208,14.27708475,10.70719905,3.470305014,2.164174813,0.433661371,
"Korea, Rep.",KOR,Real interest rate (%),FR.INR.RINR,,,,,,,,,,,,,,,,,,,,,,,,,,,,,,,,,,,,,6.810756112,7.718060959,10.31680767,10.89490401,7.541118637,4.025196004,3.649662476,2.579954671,2.559861212,4.405270111,6.160754131,3.941660159,4.108631658,2.074811272,2.718833344,4.425801442,4.051402942,3.528293935,3.178630753,0.295335528,1.278671604,1.428997559,3.078475834,4.095609333,1.195502205,-0.287216233,2.440528577,3.087726275,0.634469261,
Kuwait,KWT,Real interest rate (%),FR.INR.RINR,,,,,,,,,,,,,,,,,,,,-24.8310075,-23.95079053,-1.82519065,8.556014074,19.43044035,8.201300085,3.700359206,46.20476285,-2.636535179,3.646548076,10.27461573,7.911383618,8.648404579,6.050035329,16.5631803,14.31942795,3.355883388,-5.834464731,14.18069143,31.49230024,-8.068204393,-9.670492972,16.90807086,1.268606946,0.472936585,-5.149114942,-11.72097796,-6.539551299,4.054288247,-9.312048743,28.15807975,-5.113880201,-10.26588612,-2.329076834,4.328631962,11.82558069,40.85973636,12.14487371,-9.925023735,-5.815110842,4.926987959,24.65691404,-19.87358015,-11.66397681,14.1330324,5.947614913,
Latin America & Caribbean (excluding high income),LAC,Real interest rate (%),FR.INR.RINR,,,,,,,,,,,,,,,,,,,,,,,,,,,,,,,,,,,,,,,,,,,,,,,,,,,,,,,,,,,,,,,,,,
Lao PDR,LAO,Real interest rate (%),FR.INR.RINR,,,,,,,,,,,,,,,,,,,,,,,,,,,,,,,,11.5322976,18.87483107,12.72449402,15.13399663,5.000306938,11.67268672,,-29.932136,-42.09865184,5.771115148,15.88950025,21.64710396,15.02855589,16.76709694,16.7460943,17.32311831,19.60354616,13.90416092,28.54400474,12.28603495,,,,,,,,,,,,,,,
Lebanon,LBN,Real interest rate (%),FR.INR.RINR,,,,,,,,,,,,,,,,,,,,,,,,,,,,,,-19.15344956,21.16039869,-6.531972114,-28.9859086,3.034490896,14.84184474,12.65987862,23.06925464,7.838176764,,18.51498374,20.67041118,19.00416046,11.11435384,11.66594611,12.19354397,11.82784324,9.297376921,6.906533194,2.260586371,-0.649418007,7.713429522,4.431035601,-0.220386929,4.649984661,7.161348674,3.633832079,7.414932183,5.396472991,3.385546529,6.166022462,,,,,,
Liberia,LBR,Real interest rate (%),FR.INR.RINR,,,,,,,,,,,,,,,,,,,,,,13.96188489,13.02298974,24.23465681,14.58940063,17.94354571,13.91132186,-2.750367591,4.038605161,10.21261561,,8.04274198,16.28638384,,8.714889042,8.502420121,9.324785484,29.81828687,30.43397414,15.65771514,-21.64040163,21.26684749,21.90277433,1.337680824,1.058508133,16.4626541,5.834631673,2.703595526,-2.495873094,17.38281664,7.257863943,2.54895434,5.307353478,8.378989667,12.58084393,13.53546469,6.185715732,16.29470396,,,,,,,,
Libya,LBY,Real interest rate (%),FR.INR.RINR,,,,,3.26047467,1.902090017,-0.952871415,0.814827093,1.437688206,6.355237317,6.91233145,-11.13229859,5.617312444,-12.6674712,-24.37065582,14.34919377,1.284760438,-0.827647433,11.99371238,-15.48524797,-19.67097654,-2.647594237,18.52008963,6.113716406,14.4434833,8.357253913,16.0998871,-11.50146024,30.1311607,5.879940262,2.194298885,12.78274808,-2.012059412,5.279581603,,,,,,-17.67860426,-5.566178581,-0.172482038,-15.91177364,-6.437915462,-13.47576608,-17.45645574,-11.15159928,3.475825037,-14.3153031,41.04610281,-11.1323837,-14.75176708,0.017049601,5.909561345,7.077849938,,,,,,,,,,,
St. Lucia,LCA,Real interest rate (%),FR.INR.RINR,,,,,,,,,,,,,,,,,,,,,,5.913103309,23.11125538,11.04926237,-4.14422413,9.868143356,9.833815225,5.573190261,10.49696769,6.350404818,2.681317933,6.089792134,10.87546923,10.70222547,8.267746271,7.250363083,12.30265291,9.53408906,8.76067737,10.22054708,11.81528447,14.01282571,12.12586335,9.287497971,10.28978127,3.469106,5.332397301,6.304614312,7.36560346,10.23099536,4.926560929,8.47001457,7.339185449,3.080583621,4.838876187,5.442601434,8.534029743,4.718425482,7.860451901,5.212510237,13.25244317,-4.335416356,2.200935844,4.842212501,5.274041885,
Latin America & Caribbean,LCN,Real interest rate (%),FR.INR.RINR,,,,,,,,,,,,,,,,,,,,,,,,,,,,,,,,,,,,,,,,,,,,,,,,,,,,,,,,,,,,,,,,,,
Least developed countries: UN classification,LDC,Real interest rate (%),FR.INR.RINR,,,,,,,,,,,,,,,,,,,,,,,,,,,,,,,,,,,,,,,,,,,,,,,,,,,,,,,,,,,,,,,,,,
Low income,LIC,Real interest rate (%),FR.INR.RINR,,,,,,,,,,,,,,,,,,,,,,,,,,,,,,,,,,,,,,,,,,,,,,,,,,,,,,,,,,,,,,,,,,
Liechtenstein,LIE,Real interest rate (%),FR.INR.RINR,,,,,,,,,,,,,,,,,,,,,,,,,,,,,,,,,,,,,,,,,,,,,,,,,,,,,,,,,,,,,,,,,,
Sri Lanka,LKA,Real interest rate (%),FR.INR.RINR,,,,,,,,,,,,,,,,,,,,,,,,,,,,,,,,,,,,,,,,,,0.514847021,4.676585245,1.468679128,0.611364964,0.312845407,1.413562674,2.6732136,2.204690475,9.248011791,-13.17004174,5.223912625,2.551872339,5.835557369,5.805371558,3.827736638,4.789413233,5.780781477,6.959910986,7.098875132,,,,,,
Lower middle income,LMC,Real interest rate (%),FR.INR.RINR,,,,,,,,,,,,,,,,,,,,,,,,,,,,,,,,,,,,,,,,,,,,,,,,,,,,,,,,,,,,,,,,,,
Low & middle income,LMY,Real interest rate (%),FR.INR.RINR,,,,,,,,,,,,,,,,,,,,,,,,,,,,,,,,,,,,,,,,,,,,,,,,,,,,,,,,,,,,,,,,,,
Lesotho,LSO,Real interest rate (%),FR.INR.RINR,,,,,,,,,,,,,,,,,,,,,-21.53231187,2.152199626,22.96715836,3.459962554,8.769773029,0.807771147,-2.440022234,-0.54663196,-5.341751708,3.405381811,7.520733241,1.844037332,3.783612424,4.074970386,6.01611411,3.154219915,11.04345617,8.268647947,9.224945637,10.10923961,10.17067377,4.558152416,2.541936374,13.25297199,2.531567064,5.469852669,2.607098236,22.3046168,-0.456542828,10.41083191,5.587195106,0.916378131,7.767625335,-0.326347465,-3.240849545,0.332986111,11.90309532,9.372696761,-0.330193276,7.490316025,2.278172013,4.930935862,3.273304495,11.49373941,7.346547674,
Late-demographic dividend,LTE,Real interest rate (%),FR.INR.RINR,,,,,,,,,,,,,,,,,,,,,,,,,,,,,,,,,,,,,,,,,,,,,,,,,,,,,,,,,,,,,,,,,,
Lithuania,LTU,Real interest rate (%),FR.INR.RINR,,,,,,,,,,,,,,,,,,,,,,,,,,,,,,,,,,,,,,,,,,,,,,,,,,,,,,,,,,,,,,,,,,
Luxembourg,LUX,Real interest rate (%),FR.INR.RINR,,,,,,,,,,,,,,,,,,,,,,,,,,,,,,,,,,,,,,,,,,,,,,,,,,,,,,,,,,,,,,,,,,
Latvia,LVA,Real interest rate (%),FR.INR.RINR,,,,,,,,,,,,,,,,,,,,,,,,,,,,,,,,,,,,,,,,,,,,,,,,,,,,,,,,,,,,,,,,,,
"Macao SAR, China",MAC,Real interest rate (%),FR.INR.RINR,,,,,,,,,,,,,,,,,,,,,,,,,,,0.839026009,-4.589097557,-0.728974763,-1.710437446,-0.474511835,-2.001669128,-6.527408205,-2.772144919,1.124713222,1.587951298,7.127875104,7.934854592,13.1842442,10.770281,11.83890083,9.605592188,7.540584883,5.949032624,4.006249365,1.40397652,0.943370631,-0.872348893,-4.220165876,4.304561685,0.422339702,-2.07966493,-1.585388243,-2.313516203,-3.198069132,0.687771092,4.323276298,3.026005702,1.680175401,2.885405535,5.535623082,6.156808803,4.133222922,1.563847204,5.810276861,
St. Martin (French part),MAF,Real interest rate (%),FR.INR.RINR,,,,,,,,,,,,,,,,,,,,,,,,,,,,,,,,,,,,,,,,,,,,,,,,,,,,,,,,,,,,,,,,,,
Morocco,MAR,Real interest rate (%),FR.INR.RINR,,,,,,,,,,,,,,,,,,,,,,,,,,,,,,,,,,,,,,,,,,,,,,,,,,,,,,,,,,,,,,,,,,
Monaco,MCO,Real interest rate (%),FR.INR.RINR,,,,,,,,,,,,,,,,,,,,,,,,,,,,,,,,,,,,,,,,,,,,,,,,,,,,,,,,,,,,,,,,,,
Moldova,MDA,Real interest rate (%),FR.INR.RINR,,,,,,,,,,,,,,,,,,,,,,,,,,,,,,,,,,,,1.468585872,6.89444896,18.50801429,19.51665646,-3.038070825,5.063989539,14.81401254,12.46889605,3.850743706,11.99332888,9.069245858,4.152944178,2.516018782,10.81971634,17.98461815,-12.71140672,5.774285124,5.579684183,8.054277576,5.582189224,2.30781539,10.35737418,3.868370945,5.461109875,2.75105923,2.467431084,0.95405304,-5.938864336,2.795178699,2.196824166,
Madagascar,MDG,Real interest rate (%),FR.INR.RINR,,,,,,,,,,,,,,,,,,,,,,,,,,,,,,12.1386915,12.46330729,15.60234804,9.106190173,14.23774467,-7.708603896,-9.582880005,13.1421813,24.73047361,19.57446231,18.71538152,13.71748554,16.29313653,7.512090325,26.40392902,9.307729864,6.345836977,15.69472563,27.1897603,33.97056149,35.24764237,32.46410144,38.15134299,48.03324403,50.76010319,49.90850314,47.14666449,46.84276932,52.43678815,43.48334497,39.87708944,42.71405656,39.53504688,35.76455904,42.91454875,48.66393055,
Maldives,MDV,Real interest rate (%),FR.INR.RINR,,,,,,,,,,,,,,,,,,,,,,,,,,,,,,,,,,,,10.1426242,6.050100566,6.616428112,12.26570736,6.231896002,7.34143644,-27.41665808,9.375668973,6.928657213,0.156737198,3.274660347,0.671075442,-0.414694163,-1.176858516,-2.114033005,6.804768321,-1.914961805,3.34229606,4.1289194,7.002895789,3.416880679,10.31858886,7.8620173,7.061841328,12.6074475,15.4867338,8.496462962,7.267646779,9.34345767,8.228322521,
"Middle East, North Africa, Afghanistan & Pakistan",MEA,Real interest rate (%),FR.INR.RINR,,,,,,,,,,,,,,,,,,,,,,,,,,,,,,,,,,,,,,,,,,,,,,,,,,,,,,,,,,,,,,,,,,
Mexico,MEX,Real interest rate (%),FR.INR.RINR,,,,,,,,,,,,,,,,,,,,,,,,,,,,,,,,,,-17.24857086,10.09533904,14.85667585,7.647439655,3.742606558,9.196889619,7.304444821,5.628259573,5.937646453,2.567250762,2.630266127,-0.628122363,3.59826026,1.323831971,1.350297739,2.253200676,1.730765191,0.869831511,-0.718087415,0.132595618,2.523945474,-0.782518933,0.207059193,-1.247597333,0.717765162,2.695226936,3.939987956,1.645842084,0.386354457,1.417985096,6.629294895,6.022835471,
Marshall Islands,MHL,Real interest rate (%),FR.INR.RINR,,,,,,,,,,,,,,,,,,,,,,,,,,,,,,,,,,,,,,,,,,,,,,,,,,,,,,,,,,,,,,,,,,
Middle income,MIC,Real interest rate (%),FR.INR.RINR,,,,,,,,,,,,,,,,,,,,,,,,,,,,,,,,,,,,,,,,,,,,,,,,,,,,,,,,,,,,,,,,,,
North Macedonia,MKD,Real interest rate (%),FR.INR.RINR,,,,,,,,,,,,,,,,,,,,,,,,,,,,,,,,,,,,,,,,,,,,,,7.265168467,8.042405696,5.650167967,4.494107878,10.8427361,8.481425489,5.667228211,7.985221755,3.831266848,6.228067079,5.34575818,3.433369965,3.695885564,2.098377491,4.700387849,3.767168601,0.548918285,-3.894990801,-2.263167437,2.101740359,
Mali,MLI,Real interest rate (%),FR.INR.RINR,,,,,,,,,,,,,,,,,,,,,,,,,,,,,,,,,,,,,,,,,,,,,,-2.697059917,-0.844251722,-1.49014627,-1.198331186,-0.997864606,0.870098872,-6.427206106,0.176023563,5.622915184,3.453326462,2.271591674,3.636750946,,,,,,,,,
Malta,MLT,Real interest rate (%),FR.INR.RINR,,,,,,,,,,,,,,,,,,,,,,,,,,,,,,,,,,,,-1.195764071,6.299821151,7.151645186,6.615148579,7.1133869,19.06035983,2.42157207,3.318230378,3.737870267,2.742088017,3.476055597,3.306786846,3.910174411,2.433439735,2.175633135,1.785010274,3.215525355,2.488102221,2.395819785,,,,,,,,,,,,
Myanmar,MMR,Real interest rate (%),FR.INR.RINR,,,,,,,,,,,,,,,,,,,,,,,,,,,,,,,,,,,-1.451880736,0.591006433,-2.218673928,-10.08005555,-11.42464205,-2.278477686,15.91564946,-5.112702696,-16.28688017,-1.688845967,14.34386928,-0.589099234,-1.24123728,-2.20053801,6.428890385,15.29814261,12.96659992,8.932044122,12.4792892,11.13445484,11.63482688,11.39204875,11.95216992,9.564810611,10.11846839,10.03298494,9.007834728,,,,,
"Middle East, North Africa, Afghanistan & Pakistan (excluding high income)",MNA,Real interest rate (%),FR.INR.RINR,,,,,,,,,,,,,,,,,,,,,,,,,,,,,,,,,,,,,,,,,,,,,,,,,,,,,,,,,,,,,,,,,,
Montenegro,MNE,Real interest rate (%),FR.INR.RINR,,,,,,,,,,,,,,,,,,,,,,,,,,,,,,,,,,,,,,,,,,,,,,7.743118248,1.107101265,-5.679040137,1.218471613,6.877873344,7.568238667,9.312297141,9.154023781,7.648034218,8.184105785,6.498550121,2.560148784,2.426373106,3.122067298,4.108971432,6.396671685,0.655082566,-5.737123972,-4.778131488,1.688007489,
Mongolia,MNG,Real interest rate (%),FR.INR.RINR,,,,,,,,,,,,,,,,,,,,,,,,,,,,,,,,,,,,,,,50.9791099,29.87558752,22.27952707,24.35655031,27.40158408,19.65780615,12.66747256,8.719842376,4.055995563,9.137236011,-0.71258074,19.48433853,-13.73017431,1.294458363,4.725331319,15.13409784,10.77405246,18.838079,16.26167578,8.30906022,9.034455714,6.387440867,12.75125152,1.386729673,,,,
Northern Mariana Islands,MNP,Real interest rate (%),FR.INR.RINR,,,,,,,,,,,,,,,,,,,,,,,,,,,,,,,,,,,,,,,,,,,,,,,,,,,,,,,,,,,,,,,,,,
Mozambique,MOZ,Real interest rate (%),FR.INR.RINR,,,,,,,,,,,,,,,,,,,,,,,,,,,,,,,,,,,,,,17.56896238,17.13856506,9.814969703,6.65105678,6.923638422,15.3657174,20.31051984,15.38905295,11.30718363,10.32928523,11.24485612,12.5124537,13.99832582,8.005407058,16.36688979,13.21858598,12.3968931,13.5647501,7.291755358,8.037660794,18.40940396,18.48662536,13.64253842,13.47592816,13.0234604,10.06097731,17.70828227,14.3334591,
Mauritania,MRT,Real interest rate (%),FR.INR.RINR,,,,,,,,,,,,,,,,,,,,,5.117486193,4.414200729,1.738679651,4.423258498,0.980405516,1.591977317,4.41892338,1.392216638,6.278804875,1.874372837,7.168106837,-22.2137154,9.543413364,5.066841564,6.367719606,17.0080578,19.7756894,8.853672899,5.950435662,22.16710784,18.08317788,15.75537535,13.38634391,15.80556501,9.070382694,7.416376506,8.685112422,13.41139244,8.686177825,19.93046426,-4.367361767,-0.465994039,16.4690906,11.97461482,32.76795084,22.8912964,5.206243594,15.17568811,,,,,,,,
Mauritius,MUS,Real interest rate (%),FR.INR.RINR,,,,,,,,,,,,,,,,,,,,,-11.70863593,1.193896783,4.142518212,6.12950195,5.384448146,5.206870139,5.84208742,1.071604918,3.672112727,4.572312978,6.706570629,8.46108967,11.17133131,6.741531481,11.60075662,14.61938378,12.90672296,13.12385509,12.10981084,14.12481706,16.78843037,13.99969162,13.91528471,14.55817329,13.24768651,16.44432848,8.823832229,12.51135511,5.733902955,9.849529163,7.743208353,5.606834209,6.031818527,4.450080675,6.151259163,6.902881927,5.964354019,6.711708068,6.535689852,9.020400057,4.599129145,3.790386872,-0.940521205,3.171044483,5.438702437,
Malawi,MWI,Real interest rate (%),FR.INR.RINR,,,,,,,,,,,,,,,,,,,,,,1.799104605,8.058069489,6.386380355,3.305734888,8.669877934,4.83723939,2.378376786,-6.744743317,0.400388507,9.343061403,8.408610761,7.701139076,1.034010848,3.826620193,-16.863976,-4.60286042,6.13659913,15.15551417,9.945226614,17.30664374,24.31427809,-29.2213626,34.95417704,19.14440847,20.17504695,10.23841046,22.68550944,11.89045665,16.0798939,11.14606936,8.561928153,12.48735638,14.9275379,19.27787102,20.50879646,19.80120472,25.33620127,24.62277449,16.6583028,16.9443492,14.54262587,6.985625749,3.498647992,9.921167258,
Malaysia,MYS,Real interest rate (%),FR.INR.RINR,,,,,,,,,,4.036026803,9.759154068,9.704132768,8.496940703,-6.798879803,-1.312435133,13.75076898,-2.391779604,2.437539037,-0.455552756,-2.346500948,3.045538122,10.71638514,9.590517579,5.537334854,7.077983517,14.38950648,22.95687765,2.503824191,5.481540543,4.244741986,4.795417723,5.56337121,7.564791778,5.812133912,4.643983009,4.917892769,6.041122478,6.90550976,3.350681619,8.514010655,-1.085738977,8.848512896,3.296312371,2.906032398,0.034478791,-2.673174104,2.409000977,1.456735347,-3.903381938,11.78239296,-2.113277326,-0.471868634,3.748419374,4.467530817,2.068518216,3.307037704,2.825945183,0.79892604,4.277048074,4.801617186,4.801491997,-2.111958612,-2.24680713,7.301359695,4.457303722,
North America,NAC,Real interest rate (%),FR.INR.RINR,,,,,,,,,,,,,,,,,,,,,,,,,,,,,,,,,,,,,,,,,,,,,,,,,,,,,,,,,,,,,,,,,,
Namibia,NAM,Real interest rate (%),FR.INR.RINR,,,,,,,,,,,,,,,,,,,,,,,,,,,,,,,,16.39488875,9.018394062,6.9397894,-2.827316484,11.08610642,3.45889198,12.19830926,11.49871896,10.95554851,3.591989766,2.992616599,3.485247986,13.26116179,9.161986184,4.746221087,1.621700839,3.292021005,2.501098534,3.901924605,5.778789664,4.734508011,-2.344442065,4.084375542,0.428951201,5.25645279,1.737319303,0.09799587,5.471387276,8.867377566,3.0938071,5.245250522,2.063386456,4.059948022,7.46387319,
New Caledonia,NCL,Real interest rate (%),FR.INR.RINR,,,,,,,,,,,,,,,,,,,,,,,,,,,,,,,,,,,,,,,,,,,,,,,,,,,,,,,,,,,,,,,,,,
Niger,NER,Real interest rate (%),FR.INR.RINR,,,,,,,,,,,,,,,,,,,,,,,,,,,,,,,,,,,,,,,,,,,,,,2.034613046,3.192699986,-2.13477736,-4.671742818,0.755772674,1.583270972,1.235252146,-0.255604358,5.677634437,5.767407214,2.840837677,3.440598192,,,,,,,,,
Nigeria,NGA,Real interest rate (%),FR.INR.RINR,,,,,,,,,,,-29.26951734,5.576788729,3.991658479,1.569257787,-25.6667594,-13.96816184,-6.867482828,-4.257604521,-6.289567711,-2.994708212,-3.547418215,-65.8571487,-4.586180209,-8.022386439,4.342492625,2.343230572,4.310292249,-4.76964481,-2.962676482,-6.612412439,17.46624444,0.990847345,-14.98716799,-7.052474656,-15.92023297,-31.4525655,-5.260784137,12.12661189,11.48466906,6.047248344,-1.14088864,12.13870249,3.023542279,9.935713381,-2.604847057,-1.593680482,-5.627968048,9.18717123,6.684908634,18.18000167,1.067736065,5.685579859,6.224808614,11.20162222,11.35621302,13.59615325,6.686233623,5.790566865,6.055977158,-25.77652994,2.14785085,-1.024335354,3.968558739,2.876645785,,
Nicaragua,NIC,Real interest rate (%),FR.INR.RINR,,,,,,,,,,,,,,,,,,,,,,,,,,,,,628.3196663,-88.42983653,-97.69347712,-97.52007697,-6.352399138,-3.18962072,-50.15877011,2.544035706,6.702558498,6.761060222,3.219692695,7.642792252,8.821366263,10.5477281,14.57340719,9.700975336,4.071982855,2.033608263,3.437427884,3.070512703,-2.607421606,7.552480883,6.766543739,0.293070763,5.4129961,10.19217036,4.746812152,4.149021446,6.548020902,6.393113039,8.024222326,6.700362866,4.600878278,5.890420788,0.777981191,-1.173669151,3.660697349,
Netherlands,NLD,Real interest rate (%),FR.INR.RINR,,,,,,,,,,,,,,,,,,,,,,,,,,,,,,,,,,,,,,,,2.130823623,1.473352362,0.598810257,0.077629535,0.697957459,1.53417925,0.775883881,0.94080455,2.50343309,2.140271476,1.538937484,1.032394376,1.753090186,0.291989461,0.351053254,,,,,,,,,,,,
Norway,NOR,Real interest rate (%),FR.INR.RINR,,,,,,,,,,,,,,,,,,,,,,,,,,,,,,,,,,,,,,,,,,,,,,,,,,,,,,1.752027648,3.943147379,6.486376472,4.74390945,-1.032961396,-3.575966541,3.805139127,5.34941943,-14.92287679,-19.60292949,18.42616706,6.393151701,
Nepal,NPL,Real interest rate (%),FR.INR.RINR,,,,,,,,,,,,,,,,,,,,,,,,,,,,,,,,,,,,,,,,,,,,,,,,,,,,,,,,,,,,,,,,,,
Nauru,NRU,Real interest rate (%),FR.INR.RINR,,,,,,,,,,,,,,,,,,,,,,,,,,,,,,,,,,,,,,,,,,,,,,,,,,,,,,,,,,,,,,,,,,
New Zealand,NZL,Real interest rate (%),FR.INR.RINR,,,,,,,,,,,,,,,,,,,,,,,,,,,,,,,,,,,,,,,7.858702116,6.429724513,4.791445431,3.594886432,6.856985407,4.827558567,4.22652471,5.64896992,5.337893979,3.136101985,6.031146912,3.918139062,3.000906958,3.548387951,6.013521811,1.295510702,5.332672998,4.236510397,2.53890263,1.105419463,,,,,,,,
OECD members,OED,Real interest rate (%),FR.INR.RINR,,,,,,,,,,,,,,,,,,,,,,,,,,,,,,,,,,,,,,,,,,,,,,,,,,,,,,,,,,,,,,,,,,
Oman,OMN,Real interest rate (%),FR.INR.RINR,,,,,,,,,,,,,,,,,,,,,,,,,15.81237352,10.80331681,38.4944133,-1.688826108,7.926483105,9.852250302,-22.74949031,19.7502362,7.98687442,15.09031599,8.874666881,7.393019777,1.757676066,11.67523751,23.30289877,-0.259593716,-6.298387363,14.92622803,3.946436784,-1.135814445,-4.050575156,-11.8701672,-6.346796363,-0.638442721,-19.46586253,43.17813749,-6.324582968,-8.079733794,2.214694239,7.911581547,3.407896829,29.71419215,15.45980935,-1.999367849,-5.804866112,8.300898405,18.21419899,-5.923980703,,,,
Other small states,OSS,Real interest rate (%),FR.INR.RINR,,,,,,,,,,,,,,,,,,,,,,,,,,,,,,,,,,,,,,,,,,,,,,,,,,,,,,,,,,,,,,,,,,
Pakistan,PAK,Real interest rate (%),FR.INR.RINR,,,,,,,,,,,,,,,,,,,,,,,,,,,,,,,,,,,,,,,,,,,,,0.005740735,3.330537511,4.707521704,1.302448554,1.816946963,1.924699354,3.123155872,-1.710998401,3.275933783,4.28626671,4.216252635,5.470839389,7.761265133,4.018325688,4.515568205,2.931793303,0.739692508,-1.452259423,,,,
Panama,PAN,Real interest rate (%),FR.INR.RINR,,,,,,,,,,,,,,,,,,,,,,,,,,,,,,,,,,,,,20.24478214,9.310564359,10.0043519,9.757846626,12.1872246,9.407214189,8.504563098,8.712404916,6.051792206,6.874064203,6.369283696,5.770670675,0.399492813,1.216229063,4.641732748,1.924992331,1.322323613,1.173154845,2.140407405,3.378360271,4.024183188,4.883719003,6.139255096,6.5165673,7.540319955,5.444503278,4.610352922,,,
Peru,PER,Real interest rate (%),FR.INR.RINR,,,,,,,,,,,,,,,,,,,,,,,,,,-39.27262311,-19.13144011,-28.95887076,-62.77055682,-45.6462856,-31.45967671,61.18594165,46.60393798,32.69033995,22.62187752,19.8771272,19.91616472,22.02446488,25.86627529,31.20635655,25.56984775,24.41195004,20.63384586,18.87154951,17.3087052,21.28436819,15.11949891,21.05116741,22.32387459,18.5944908,12.54947337,11.17808786,17.82002249,16.90330807,12.99478509,13.06382202,12.98525678,12.71220357,11.9886777,12.28326446,8.888580607,0.832240862,7.734763819,,,
Philippines,PHL,Real interest rate (%),FR.INR.RINR,,,,,,,,,,,,,,,,,3.337382544,3.352682914,2.417648019,-0.818652926,-0.20536031,3.194510287,8.722557006,4.367419455,-16.1900974,9.867206389,14.23028288,5.433439049,5.613499007,9.321476328,9.8809821,5.73775233,10.74992507,7.371178614,4.53988039,6.540052154,6.640220277,9.425890844,5.771212914,5.117438949,4.81049326,6.421884222,4.708199925,6.085285047,3.955247393,4.035489721,4.44011945,5.357597018,1.466578322,5.672578241,3.163508983,2.640950504,3.613268957,3.630934121,2.399600243,6.34358649,4.306550978,3.231999269,2.292106404,6.35446159,,,,,,
Palau,PLW,Real interest rate (%),FR.INR.RINR,,,,,,,,,,,,,,,,,,,,,,,,,,,,,,,,,,,,,,,,,,,,,,,,,,,,,,,,,,,,,,,,,,
Papua New Guinea,PNG,Real interest rate (%),FR.INR.RINR,,,,,,,,,,,,,,,,,,,,,,,,-5.963786777,2.979267142,9.763348572,10.82952181,3.676954596,4.407347674,17.61143188,10.92868095,6.704507847,11.33227138,14.13611189,1.777954877,-2.33963429,11.28694944,1.865602659,2.759041661,7.046922706,3.925717979,8.692587939,1.423750151,7.4062393,15.55308044,-0.635761691,-31.1172423,6.792383876,-2.210867236,15.74155594,0.480973312,1.81485584,11.4555568,6.316495981,3.735335805,10.08781132,5.712976777,0.639555495,-0.658125153,7.508808733,5.968777175,-3.542058987,-6.118455749,13.29833001,1.487214314,
Poland,POL,Real interest rate (%),FR.INR.RINR,,,,,,,,,,,,,,,,,,,,,,,,,,,,,,,,,,,,,,,,,,,,,,,,,,,,,,,,,,,,,,,,,,
Pre-demographic dividend,PRE,Real interest rate (%),FR.INR.RINR,,,,,,,,,,,,,,,,,,,,,,,,,,,,,,,,,,,,,,,,,,,,,,,,,,,,,,,,,,,,,,,,,,
Puerto Rico (US),PRI,Real interest rate (%),FR.INR.RINR,,,,,,,,,,,,,,,,,,,,,,,,,,,,,,,,,,,,,,,,,,,,,,,,,,,,,,,,,,,,,,,,,,
"Korea, Dem. People's Rep.",PRK,Real interest rate (%),FR.INR.RINR,,,,,,,,,,,,,,,,,,,,,,,,,,,,,,,,,,,,,,,,,,,,,,,,,,,,,,,,,,,,,,,,,,
Portugal,PRT,Real interest rate (%),FR.INR.RINR,,,,,,,,,,,,,,,,,,,,,,,,,,,,,,,,,,,,,,,,,,,,,,,,,,,,,,,,,,,,,,,,,,
Paraguay,PRY,Real interest rate (%),FR.INR.RINR,,,,,,,,,,,,,,,,,,,,,,,,,,,,,,,,,,,25.24181269,25.34473234,22.81907784,27.75467857,16.32145238,21.89273802,14.20353864,16.42689975,22.65700468,37.0207819,24.08131359,19.13485083,23.8660041,14.45835025,15.68312465,27.98723539,24.3017624,11.70584739,11.79426984,14.31208516,17.81994439,17.84574239,13.38659908,14.50938861,13.49296264,12.05332607,11.08900009,3.745212562,,,,
West Bank and Gaza,PSE,Real interest rate (%),FR.INR.RINR,,,,,,,,,,,,,,,,,,,,,,,,,,,,,,,,,,,,,,,,,,,,,12.75636656,7.274690462,2.214923387,3.061237667,-8.393294113,4.256106484,-6.062534962,1.296514079,3.986036855,1.681032604,2.639404194,10.89292287,4.810218377,2.486483979,6.19365816,2.005298077,3.224785422,-3.119417484,,,,
Pacific island small states,PSS,Real interest rate (%),FR.INR.RINR,,,,,,,,,,,,,,,,,,,,,,,,,,,,,,,,,,,,,,,,,,,,,,,,,,,,,,,,,,,,,,,,,,
Post-demographic dividend,PST,Real interest rate (%),FR.INR.RINR,,,,,,,,,,,,,,,,,,,,,,,,,,,,,,,,,,,,,,,,,,,,,,,,,,,,,,,,,,,,,,,,,,
French Polynesia,PYF,Real interest rate (%),FR.INR.RINR,,,,,,,,,,,,,,,,,,,,,,,,,,,,,,,,,,,,,,,,,,,,,,,,,,,,,,,,,,,,,,,,,,
Qatar,QAT,Real interest rate (%),FR.INR.RINR,,,,,,,,,,,,,,,,,,,,-15.22853433,-19.53595187,0.337510904,16.26228886,26.2692186,10.5522992,16.77748885,40.45807632,1.636297111,4.600458012,8.250786719,-0.184816348,15.1404307,8.36965854,13.01549779,7.145283257,2.252305666,,,,,,,,,-6.119690215,-18.30131687,-1.090435531,-3.191431658,-13.06383636,41.25294814,1.485597962,-11.87412376,-0.89230547,4.312106159,6.543710444,39.48953331,14.30100368,-2.867726986,-6.612932397,9.937847386,22.59961531,-15.19997757,-16.93298975,17.24057289,7.766053597,
Romania,ROU,Real interest rate (%),FR.INR.RINR,,,,,,,,,,,,,,,,,,,,,,,,,,,,,,,,,,-43.05071035,-20.34590377,4.712728259,7.729772833,-26.69067165,4.848395169,10.78045622,7.451565895,5.395682372,10.35798938,1.852768342,8.796296172,6.779794018,3.051434489,-2.130870771,-0.884850924,12.66521517,7.684533044,7.832997541,7.24295338,9.002367571,6.637877828,3.392224696,3.010378624,0.872621781,0.589692861,0.181905937,2.285487784,0.009216889,-3.832335661,-2.698065196,-0.750528103,
Russian Federation,RUS,Real interest rate (%),FR.INR.RINR,,,,,,,,,,,,,,,,,,,,,,,,,,,,,,,,,,,,,,14.7604588,19.61608056,-18.95155294,-9.633111443,1.226578507,0.032935385,-0.60017068,-7.328985862,-7.206689911,-4.07869184,-3.344926612,-4.90496209,13.07996529,-2.955083732,-12.85693529,0.176416619,3.937070193,3.397146836,7.894593575,9.484354473,4.945604231,-1.028482595,5.316709231,5.825262121,-9.329245668,-5.690688563,3.355534216,7.153311332,
Rwanda,RWA,Real interest rate (%),FR.INR.RINR,,,,,,,,,,,,,,,,,,,,,,,,,,,,,,,,,,,,,6.612264667,0.945756225,13.19446682,4.69418332,12.78985102,16.81276104,22.62485754,-3.629740307,4.403974458,6.189406767,13.08219824,2.712265756,1.570616657,8.936897631,13.38699224,8.840276161,11.43860558,14.2462824,11.9607651,16.76593404,11.67431236,8.328391907,17.65652261,13.71735061,9.027267721,12.8518758,0.495362461,3.670126507,11.81027473,
South Asia,SAS,Real interest rate (%),FR.INR.RINR,,,,,,,,,,,,,,,,,,,,,,,,,,,,,,,,,,,,,,,,,,,,,,,,,,,,,,,,,,,,,,,,,,
Saudi Arabia,SAU,Real interest rate (%),FR.INR.RINR,,,,,,,,,,,,,,,,,,,,,,,,,,,,,,,,,,,,,,,,,,,,,,,,,,,,,,,,,,,,,,,,,,
Sudan,SDN,Real interest rate (%),FR.INR.RINR,,,,,,,,,,,,,,,,,,,,,,,,,,,,,,,,,,,,,,,,,,,,,,,,,,,,,,,,,,,,,,,,,,
Senegal,SEN,Real interest rate (%),FR.INR.RINR,,,,,,,,,,,,,,,,,,,,,,,,,,,,,,,,,,,,,,,,,,,,,,2.223327325,1.799257241,-1.723489985,-2.986951886,6.781073639,3.453508901,1.346505242,1.709097337,4.053292196,6.95969224,4.041150441,4.298274045,,,,,,,,,
Singapore,SGP,Real interest rate (%),FR.INR.RINR,,,,,,,,,,,,,,,,,,,3.006598092,3.105355028,0.535024862,7.338346859,5.448404087,5.698663994,8.861425773,9.671383031,8.17523644,5.538085743,0.505967656,1.970538148,2.545503615,3.014293787,4.502318134,1.867598854,2.334747479,3.094595395,4.683237201,5.181291176,8.888631675,9.725802426,1.896581804,7.600674107,6.299247905,7.235892783,1.289416952,3.336078554,3.405513092,-0.55404274,6.856278723,2.356467094,4.225382135,4.160490844,4.860577563,5.836216953,5.632323555,2.210150171,4.802908269,2.349442612,1.662757409,5.69911419,7.830273257,-5.119736821,,,,
Solomon Islands,SLB,Real interest rate (%),FR.INR.RINR,,,,,,,,,,,,,,,,,,,,,,-3.662879006,-2.136633252,4.254206987,0.971565106,3.129667665,9.5406507,5.237109559,1.016979614,14.06075266,-12.01051887,11.38755392,3.009487538,-1.048505493,-10.50288752,4.529153002,2.992051961,5.709652654,2.561627714,5.913268936,4.522841874,0.084614949,-1.149455302,-12.61961403,6.011897334,-1.312182875,-0.161251153,-1.183739671,1.475567199,5.047915518,12.47079557,8.323239857,6.331584737,8.228713843,6.982768927,6.889372303,9.721814027,7.913824673,2.680455135,9.239857003,12.16958624,5.804490636,,,,
Sierra Leone,SLE,Real interest rate (%),FR.INR.RINR,,,,,,2.664426602,5.126402678,14.71143773,1.249809472,-5.400148506,10.3643789,16.04109111,1.934522361,-12.35558758,-5.396608374,-0.338765999,0.661053288,-7.304461531,-10.37555902,-0.480322597,18.0961001,5.797410854,-2.954919189,-1.832698544,-15.57393256,-30.72401959,-34.35013856,-51.61725027,-22.08815552,-19.70670707,-10.60518411,-31.69747266,-10.54272543,18.71761125,1.816130327,-3.566412224,1.961725822,21.13852945,0.047028784,8.225245156,22.23916106,-53.64163186,27.16973534,6.009234519,8.204528958,6.832323352,-1.615938594,15.59711211,12.93040907,14.88092817,1.785448561,4.904904452,6.03843344,13.46134335,2.901250828,14.58950889,11.37607977,7.59034036,-0.05090912,7.324787807,4.119506143,10.60440924,-6.021009066,-7.443171074,9.170597489,
El Salvador,SLV,Real interest rate (%),FR.INR.RINR,,,,,,,,,,,,,,,,,,,,,,,,,,,,,,,,,,,,,,,,,,,,,,,,,,,,,,,,,,,,,,,,,,
San Marino,SMR,Real interest rate (%),FR.INR.RINR,,,,,,,,,,,,,,,,,,,,,,,,,,,,,,,,,,,,,,,,,,5.254468173,5.433544914,4.9151608,5.025559203,5.416779601,4.604612755,9.747137827,4.921164321,4.696190076,3.896411706,5.758507607,3.255870776,4.531418101,5.699071578,3.25650062,1.683001162,2.283386606,2.056330154,3.043074755,3.377692772,1.660293624,1.009508528,-1.602901489,,
"Somalia, Fed. Rep.",SOM,Real interest rate (%),FR.INR.RINR,,,,,,,,,,,,,,,,-7.188334039,-8.757239796,-3.053433741,-4.727461774,-7.068829053,-43.30169419,-8.097554945,-13.18431104,-17.93137723,-34.73513011,-7.044412128,-13.28709672,-5.941218275,-18.46228435,,,,,,,,,,,,,,,,,,,,,,,,,,,,,,,,,,,,,
Serbia,SRB,Real interest rate (%),FR.INR.RINR,,,,,,,,,,,,,,,,,,,,,,,,,,,,,,,,,,,,,,0.976010782,-6.76416486,-19.80485882,-0.289231057,-24.60063174,-13.28482726,-8.834211484,-4.323282137,-9.118987761,-7.663097348,-4.078181907,-3.165725723,-1.444464659,-0.182390993,,,,,,,,,,,,,,,
Sub-Saharan Africa (excluding high income),SSA,Real interest rate (%),FR.INR.RINR,,,,,,,,,,,,,,,,,,,,,,,,,,,,,,,,,,,,,,,,,,,,,,,,,,,,,,,,,,,,,,,,,,
South Sudan,SSD,Real interest rate (%),FR.INR.RINR,,,,,,,,,,,,,,,,,,,,,,,,,,,,,,,,,,,,,,,,,,,,,,,,,,,,,-23.53581405,-16.81025034,61.8826039,-3.321404055,-33.00918961,-77.56128012,-27.28786833,-25.09795733,14.55130674,-8.153528605,-52.14389336,-52.94009264,-26.88651984,
Sub-Saharan Africa,SSF,Real interest rate (%),FR.INR.RINR,,,,,,,,,,,,,,,,,,,,,,,,,,,,,,,,,,,,,,,,,,,,,,,,,,,,,,,,,,,,,,,,,,
Small states,SST,Real interest rate (%),FR.INR.RINR,,,,,,,,,,,,,,,,,,,,,,,,,,,,,,,,,,,,,,,,,,,,,,,,,,,,,,,,,,,,,,,,,,
Sao Tome and Principe,STP,Real interest rate (%),FR.INR.RINR,,,,,,,,,,,,,,,,,,,,,,,,,,,,,,,,,,,,,,,,,,27.81702071,23.22727706,13.83540952,13.00134435,10.16453269,14.09662584,20.80007396,2.772460652,15.05439262,20.48294462,13.67227749,20.36976292,15.64437632,17.73257846,17.99183834,11.70585886,14.92356274,10.05691942,7.008218859,8.7484591,12.66793549,1.834138704,-4.793679231,0.116506527,
Suriname,SUR,Real interest rate (%),FR.INR.RINR,,,,,,,,,,,,,,,,,,,,,,,,,,,,,,,-27.48906784,-3.060093385,-19.25435875,-57.52634537,-78.56533991,-62.75419569,21.48900749,31.19040916,8.415014928,-26.7846946,-19.74758257,-9.89407701,-11.10919196,-0.227758123,6.73863741,1.609997479,-16.82617235,6.898239635,-2.874922397,4.851803072,4.099001972,-1.829986334,0.908894422,11.55522213,10.53283896,7.402705034,-8.532348491,-10.70669495,8.175726537,9.303491481,-20.94895148,-29.11378167,-23.20574814,-14.22026059,1.759681162,
Slovak Republic,SVK,Real interest rate (%),FR.INR.RINR,,,,,,,,,,,,,,,,,,,,,,,,,,,,,,,,,,,,,,,,,,,,,,,,,,,,,,,,,,,,,,,,,,
Slovenia,SVN,Real interest rate (%),FR.INR.RINR,,,,,,,,,,,,,,,,,,,,,,,,,,,,,,,,,,,,,,,,,,,,,,,,,,,,,,,,,,,,,,,,,,
Sweden,SWE,Real interest rate (%),FR.INR.RINR,,,,,,,,,,,,,,,,,,,,,,,,,,,,,,,,,14.04208376,9.67371996,7.948768365,7.169330898,7.595198092,5.479333901,5.539955247,4.327596988,4.1354271,3.060974349,4.102421325,3.112162232,3.752337888,2.74653089,1.898882811,,,,,,,,,,,,,,,,,,,
Eswatini,SWZ,Real interest rate (%),FR.INR.RINR,,,,,,,,,,,,,,,,6.271983546,-2.703417154,0.048779269,-0.073075126,-3.378627432,1.192558663,7.477180664,1.905990999,11.23107153,8.344995713,13.81072803,0.321220231,10.63681617,-8.848824014,11.27877682,-12.18308752,6.654776865,4.256369542,-2.593008379,2.955358352,0.347010478,10.20065057,7.324235619,11.26082667,11.43266678,-6.855974962,4.549283156,5.634692396,8.271602994,7.108714007,4.200665622,7.357101174,7.582141235,4.108054048,1.100328413,6.615430653,3.340555086,-0.409171349,2.15809107,2.7308615,3.529049942,3.26450638,5.531656202,6.795011441,8.002680684,2.656097089,7.127812455,-0.338623363,4.506814268,9.392706682,
Sint Maarten (Dutch part),SXM,Real interest rate (%),FR.INR.RINR,,,,,,,,,,,,,,,,,,,,,,,,,,,,,,,,,,,,,,,,,,,,,,,,,,,,,,,,,,,,,,,,,,
Seychelles,SYC,Real interest rate (%),FR.INR.RINR,,,,,,,,,,,,,,,,,,,,,,,,,,,,,,13.10237493,8.721732664,17.98648203,10.40915227,12.31216965,12.72271353,18.21127068,23.73952716,13.88473412,3.523876311,8.930402005,9.367775438,4.209416352,6.731164157,4.406965267,-11.77667824,9.267881537,8.48523589,-0.167198865,-15.24983484,-10.01288451,15.14335555,10.01891366,1.588142904,6.291734551,4.897124167,13.49678463,14.99623108,9.682908864,8.566122632,12.46162574,6.060004488,6.235638501,7.415212464,5.226446814,10.6318505,
Syrian Arab Republic,SYR,Real interest rate (%),FR.INR.RINR,,,,,,,,,,,,,,,,,,,,,,,,,,,,,,,,,,,,,,,,,,,,,,,,,,,,,,,,,,,,,,,,,,
Turks and Caicos Islands,TCA,Real interest rate (%),FR.INR.RINR,,,,,,,,,,,,,,,,,,,,,,,,,,,,,,,,,,,,,,,,,,,,,,,,,,,,,,,,,,,,,,,,,,
Chad,TCD,Real interest rate (%),FR.INR.RINR,,,,,,,,,,,,,,,,,,,,,,,,,,,,,,,,,,,,,,,,,,,,,,,,,,,,,,,,,,,,,,,,,,
East Asia & Pacific (IDA & IBRD countries),TEA,Real interest rate (%),FR.INR.RINR,,,,,,,,,,,,,,,,,,,,,,,,,,,,,,,,,,,,,,,,,,,,,,,,,,,,,,,,,,,,,,,,,,
Europe & Central Asia (IDA & IBRD countries),TEC,Real interest rate (%),FR.INR.RINR,,,,,,,,,,,,,,,,,,,,,,,,,,,,,,,,,,,,,,,,,,,,,,,,,,,,,,,,,,,,,,,,,,
Togo,TGO,Real interest rate (%),FR.INR.RINR,,,,,,,,,,,,,,,,,,,,,,,,,,,,,,,,,,,,,,,,,,,,,,2.71985273,5.272253185,-0.20205517,-3.749800318,1.804021576,5.211514973,2.369514844,3.232216286,3.544544574,4.835251539,2.887854358,3.782109341,,,,,,,,,
Thailand,THA,Real interest rate (%),FR.INR.RINR,,,,,,,,,,,,,,,,,6.262932109,4.604205531,1.168657134,3.969564126,3.055257043,8.153283418,11.32754779,11.15221596,15.12481298,13.60981725,11.53121579,6.510928117,5.348397416,5.779725927,8.171716429,9.124942558,7.346329001,4.391006807,5.945261762,7.102087274,8.93166038,8.834094764,5.87889883,11.86179246,6.416871607,5.252581151,,,0.949922532,-0.354173197,1.112794602,3.486985687,0.654506895,4.572319805,0.243128639,1.276682032,3.216757125,3.224334982,3.457843171,3.981013973,1.78511917,2.469714624,2.679797289,3.038915787,4.651690048,1.262895564,-1.453492749,2.973008109,3.548885146,
Tajikistan,TJK,Real interest rate (%),FR.INR.RINR,,,,,,,,,,,,,,,,,,,,,,,,,,,,,,,,,,,,,,,,,,,-3.878876297,-8.150462962,2.455078029,12.57419374,2.554517454,-3.362205465,-3.56503833,9.355201282,9.725941381,8.062972034,8.246125101,19.97544733,18.86532865,17.75116938,24.27035304,18.06944068,24.09604073,19.18895987,,,,,,
Turkmenistan,TKM,Real interest rate (%),FR.INR.RINR,,,,,,,,,,,,,,,,,,,,,,,,,,,,,,,,,,,,,,,,,,,,,,,,,,,,,,,,,,,,,,,,,,
Latin America & the Caribbean (IDA & IBRD countries),TLA,Real interest rate (%),FR.INR.RINR,,,,,,,,,,,,,,,,,,,,,,,,,,,,,,,,,,,,,,,,,,,,,,,,,,,,,,,,,,,,,,,,,,
Timor-Leste,TLS,Real interest rate (%),FR.INR.RINR,,,,,,,,,,,,,,,,,,,,,,,,,,,,,,,,,,,,,,,,,,,,,,,,,,,,-0.467423681,5.699260529,-3.625253554,13.69442401,5.871061466,13.88733453,13.52825223,15.02372557,9.697107687,41.2938033,-30.12317018,-0.326379917,39.84240463,12.08283092,
"Middle East, North Africa, Afghanistan & Pakistan (IDA & IBRD)",TMN,Real interest rate (%),FR.INR.RINR,,,,,,,,,,,,,,,,,,,,,,,,,,,,,,,,,,,,,,,,,,,,,,,,,,,,,,,,,,,,,,,,,,
Tonga,TON,Real interest rate (%),FR.INR.RINR,,,,,,,,,,,,,,,,,,,,,,,,,,,,,,,,,,,,,,,,,,,,,,,,,,,,,5.410990569,11.9183091,8.599243213,2.884816193,4.810914137,2.175414286,1.996721274,1.481269503,7.844427462,5.604933387,-1.227246067,0.287677121,-0.452939459,
South Asia (IDA & IBRD),TSA,Real interest rate (%),FR.INR.RINR,,,,,,,,,,,,,,,,,,,,,,,,,,,,,,,,,,,,,,,,,,,,,,,,,,,,,,,,,,,,,,,,,,
Sub-Saharan Africa (IDA & IBRD countries),TSS,Real interest rate (%),FR.INR.RINR,,,,,,,,,,,,,,,,,,,,,,,,,,,,,,,,,,,,,,,,,,,,,,,,,,,,,,,,,,,,,,,,,,
Trinidad and Tobago,TTO,Real interest rate (%),FR.INR.RINR,,,,,,,,,,,,,,,,,,,,-12.59581209,-10.37750371,3.880052926,-0.590170571,5.063416057,6.357181308,11.30993046,13.41734148,6.339684357,8.089022703,5.71772755,-2.267652316,11.4180715,23.90090401,6.146590625,2.393764297,10.55721798,13.68894059,19.57039101,19.55281202,12.21293985,3.977794996,12.52283751,18.63956764,0.622840513,0.393330895,-3.721501934,9.032103071,-0.888544432,-9.172622798,54.67772821,-3.061060946,-6.705743095,7.338185567,5.408951758,8.556605175,18.89946214,9.503259917,1.114252163,7.965379933,11.92738414,9.290245697,-8.117777528,-7.277902016,23.56610646,7.635070085,
Tunisia,TUN,Real interest rate (%),FR.INR.RINR,,,,,,,,,,,,,,,,,,,,,,,,,,,,,,,,,,,,,,,,,,,,,,,,,,,,,,,,,,,,,,,,,,
Turkiye,TUR,Real interest rate (%),FR.INR.RINR,,,,,,,,,,,,,,,,,,,,,,,,,,,,,,,,,,,,,,,,,,,,,,,,,,,,,,,,,,,,,,,,,,
Tuvalu,TUV,Real interest rate (%),FR.INR.RINR,,,,,,,,,,,,,,,,,,,,,,,,,,,,,,,,,,,,,,,,,,,,,,,,,,,,,,,,,,,,,,,,,,
Tanzania,TZA,Real interest rate (%),FR.INR.RINR,,,,,,,,,,,,,,,,,,,,,,,,,,,,,,,,,1.583553997,2.329131424,2.479062278,8.626007239,12.27968757,4.712578398,7.590812408,9.282917937,12.36253165,14.54100202,8.547002747,5.62474852,6.787345316,8.290013165,9.612352705,6.389565196,-1.201762229,5.492230434,4.674687403,2.464304207,4.591413722,5.648641681,9.655733868,7.912936186,7.896286481,14.70937325,13.98595349,14.36289174,9.637502016,,,,,
Uganda,UGA,Real interest rate (%),FR.INR.RINR,,,,,,,,,,,,,,,,,,,,,,,,-20.40352836,-2.682174748,-43.7223014,-43.80780446,-52.07387467,-53.44428082,-35.01874021,-3.957209764,6.66352497,-4.106292762,,13.02191887,9.861413113,15.03424724,17.72687057,11.10068608,21.68683165,10.62161427,17.33449567,22.99559284,10.32903873,4.339243939,21.76555229,15.90900436,10.98062354,13.2429703,-34.74344296,13.76121465,11.37349893,21.48807914,19.01463002,15.67738412,16.5546646,18.23339373,15.89084711,14.7478688,,,,,,,
Ukraine,UKR,Real interest rate (%),FR.INR.RINR,,,,,,,,,,,,,,,,,,,,,,,,,,,,,,,,,-90.59538957,-91.72148163,-66.73459834,-56.82517766,8.268450495,26.29107592,37.92865243,21.62683606,11.00145696,20.03346247,19.09263919,8.996081274,1.812917672,-6.383677319,0.275719909,-7.280207364,-8.934742045,7.310138996,1.931117374,1.546056077,9.640126562,11.83064836,1.567106915,-12.28292898,1.827569688,-4.680484232,3.125121817,10.69365877,3.62431779,-9.224526959,-12.08600527,1.866371488,6.510478386,
Upper middle income,UMC,Real interest rate (%),FR.INR.RINR,,,,,,,,,,,,,,,,,,,,,,,,,,,,,,,,,,,,,,,,,,,,,,,,,,,,,,,,,,,,,,,,,,
Uruguay,URY,Real interest rate (%),FR.INR.RINR,,,,,,,,,,,,,,,,,8.448977219,4.210917665,17.10763458,-8.742846965,6.334440303,24.49742603,32.64777593,24.08629462,15.55591527,10.14536635,12.19787129,11.61396,13.60275329,27.01993521,30.09299455,23.58921171,34.15403885,31.44041481,38.2846468,38.99454008,49.25016117,32.83704373,38.93620634,45.96919441,42.49692396,43.20642136,93.91507813,36.38129894,12.3282787,12.84458558,1.708911128,-1.246670585,3.255414292,6.138784228,4.330497689,-0.085186936,1.632604089,3.151231219,4.820769321,5.448671586,7.400566457,7.71512606,4.348315181,3.049128555,0.458650581,-3.262141346,5.437763047,8.202350856,5.395953546,
United States,USA,Real interest rate (%),FR.INR.RINR,,3.107884875,3.215345976,3.374882242,2.951669,2.565913126,2.649420629,2.406227032,1.863911247,2.851773364,2.514918208,0.621992023,0.883965225,2.409693845,1.651065961,-1.281580539,1.266790402,0.575101,1.889808216,4.034389278,5.716362865,8.594600693,8.17720821,6.618035467,8.140906608,6.563243834,6.193869591,5.587520288,5.590302226,6.690264675,6.03974985,4.915295968,3.884294887,3.545632169,4.898541339,6.594217967,6.324285993,6.603316881,7.149961754,6.487253949,6.813861772,4.567090464,3.073208053,2.106711716,1.607633179,2.96083428,4.727851353,5.199901784,3.101062965,2.617063894,2.010312498,1.162879726,1.362424651,1.748210151,1.58866664,2.475163484,2.637731138,2.371619073,2.46243187,3.719680362,2.846147979,-1.08716754,,,,
Uzbekistan,UZB,Real interest rate (%),FR.INR.RINR,,,,,,,,,,,,,,,,,,,,,,,,,,,,,,,,,,,,,,,,,,,,,,,,,,,,,,3.762617024,1.723513238,2.962029555,4.217004277,-13.69141211,-4.699302529,5.128645565,10.60543978,6.799111986,6.363174975,7.315782579,8.590822145,
St. Vincent and the Grenadines,VCT,Real interest rate (%),FR.INR.RINR,,,,,,,,,,,,,,,,,,,,,-3.613233419,-8.053504347,2.165344818,4.092108496,6.892585962,9.107272708,6.336807304,2.324709073,10.56039982,5.412263983,3.791830483,6.065930081,8.544762155,13.2756917,9.146101595,9.627906856,7.396162433,9.798585292,7.844219021,9.555435476,3.43607106,5.189368078,11.33230857,14.31705513,5.730658286,6.492039125,5.814149038,2.130110152,7.105835274,10.45000637,3.401420707,9.485532327,8.231715715,7.039755962,9.520291349,10.11079175,9.772952204,6.545241683,6.831386662,5.94263072,8.871175908,6.921989614,-0.518741606,4.128321398,3.262627869,
"Venezuela, RB",VEN,Real interest rate (%),FR.INR.RINR,,,,,,,,,,,,,,,,,,,,,,,,,-20.27232867,-0.323406795,9.334818682,-20.15057779,-7.842980798,-39.0315427,-4.380608461,12.93848794,10.20185443,21.46355813,-5.055787056,-7.917642832,-35.31451655,-7.661492273,23.09878633,4.701637098,-3.28587533,13.38442313,2.672189947,-7.218669896,-11.53910259,-9.872293159,-2.058999173,1.434858453,-5.964399617,11.18564461,-18.90855875,-8.583113847,-3.734907397,-16.69274764,-42.72461271,-49.30826771,-70.36036353,-89.47080187,,,,,,,,
British Virgin Islands,VGB,Real interest rate (%),FR.INR.RINR,,,,,,,,,,,,,,,,,,,,,,,,,,,,,,,,,,,,,,,,,,,,,,,,,,,,,,,,,,,,,,,,,,
Virgin Islands (U.S.),VIR,Real interest rate (%),FR.INR.RINR,,,,,,,,,,,,,,,,,,,,,,,,,,,,,,,,,,,,,,,,,,,,,,,,,,,,,,,,,,,,,,,,,,
Viet Nam,VNM,Real interest rate (%),FR.INR.RINR,,,,,,,,,,,,,,,,,,,,,,,,,,,,,,,,,,12.57720782,,,10.49086664,7.335321062,5.110478707,6.587522341,6.905766651,6.624035466,4.166937123,2.213057917,1.188922336,-6.552887403,2.401517259,1.413637871,-5.616335289,3.627881412,-20.49708191,-3.673264804,4.028328027,6.089708704,4.789731165,8.988296876,5.048602928,2.591514159,3.614155043,5.159252657,6.090642997,4.792180473,3.418616845,7.081368362,,
Vanuatu,VUT,Real interest rate (%),FR.INR.RINR,,,,,,,,,,,,,,,,,,,,,,,,,,,,,,,,,,,,,,,,,,,,,,,,,,,,,,7.320991242,8.101016973,3.927512405,8.110441292,5.575076658,6.757115697,6.550561787,6.786465234,8.573626787,-2.176606856,1.835720894,9.405090279,
World,WLD,Real interest rate (%),FR.INR.RINR,,,,,,,,,,,,,,,,,,,,,,,,,,,,,,,,,,,,,,,,,,,,,,,,,,,,,,,,,,,,,,,,,,
Samoa,WSM,Real interest rate (%),FR.INR.RINR,,,,,,,,,,,,,,,,,,,,,,,,,,,,,,,,,,,,,,,,,,7.935959603,9.819027428,8.517193125,3.883409995,7.146840787,6.124540952,4.802499559,3.245064267,10.23309291,16.72668945,10.97219147,5.607730842,7.674477724,9.084386674,5.332260593,6.696588051,8.431054502,7.767265148,7.319919293,7.392394771,9.291020157,5.605277574,1.394839809,0.005132892,
Kosovo,XKX,Real interest rate (%),FR.INR.RINR,,,,,,,,,,,,,,,,,,,,,,,,,,,,,,,,,,,,,,,,,,,,,,,,,,17.72506947,7.494362229,7.028193084,8.829166775,11.42652273,8.871489611,7.665564921,6.615990449,6.364675068,5.079008841,,,,,,,
"Yemen, Rep.",YEM,Real interest rate (%),FR.INR.RINR,,,,,,,,,,,,,,,,,,,,,,,,,,,,,,,,,,,,,-3.889803669,8.143820152,28.87715921,-7.026456176,-3.084318629,14.35723398,8.275501086,6.409511224,3.844143709,-0.449960737,3.883621146,6.413407629,-1.975237376,29.2517104,0.174627012,5.83025954,17.57133442,11.78875493,,,,,,,,,,,,
South Africa,ZAF,Real interest rate (%),FR.INR.RINR,,5.20015217,6.013274276,2.423272983,3.66787862,3.800071115,3.246208177,4.231876635,4.244907381,0.571117251,3.320387344,2.726832394,-1.74296023,-7.792578939,-4.050719824,0.763317781,1.775301305,2.034815518,1.45165582,-3.476381373,-11.00901069,2.32802853,4.172433587,-0.343774615,10.06093926,4.611218371,-1.991766557,-2.044467074,-0.075808744,2.350216101,4.811415257,4.027493262,3.654137358,2.464687826,5.255469727,6.36739524,10.64480937,10.96989892,12.69103362,10.39506698,4.870582387,5.538341433,2.854185516,8.047848389,4.950384359,4.761489203,4.81030228,4.546045669,6.745151503,2.802508977,3.49095979,3.279301223,3.882872998,2.509245497,3.56702763,3.667742833,3.278251678,4.647315485,5.856183558,5.268415653,2.198413839,0.59508786,3.37387624,6.47206699,7.417539822,
Zambia,ZMB,Real interest rate (%),FR.INR.RINR,,,,,,,,,,,,,,,,,,,-3.932755937,-10.50605601,-2.024746434,2.184968431,3.166989829,-4.745323586,-3.202506282,-15.96661013,-29.99826895,-25.1937132,-11.97134954,-34.54680202,-34.53904084,-25.77388955,-41.79024398,-12.45596934,-5.634470195,11.42491392,23.67048576,16.97662997,12.7393085,19.15879543,4.66476807,16.67746349,21.61562428,19.52534147,9.196933647,9.909085184,7.517820242,5.240870634,7.613795381,15.63363346,6.112942212,6.956559577,4.821477426,-0.191430038,5.816367831,6.179215852,1.693929278,2.091490485,2.21586529,2.469674325,-3.893032453,,,,,
Zimbabwe,ZWE,Real interest rate (%),FR.INR.RINR,,,,,,,,,,,,,,,,,,,,,,,,,,,,,,,,,,,,,,,,,,,,,,,,,,,,,7.274648584,0.337314877,9.744021568,7.886492963,4.846765011,-64.05698706,3.454824657,-76.63157616,-80.61026214,-30.3181952,-38.09365074,-68.87726699,-85.89381479,
